разбиение,канал,режим,модель,n_test,rel_med,rel_p95,r2
прореживание сетки,R_VT2_12,по R,grid-cubic,604,0.0011743966145570785,0.02536626457910429,0.9999900782013257
прореживание сетки,R_VT2_12,по A,grid-cubic,604,0.0657571847760408,0.6995492988245423,0.9931699181141942
прореживание сетки,R_VV23_12,по R,grid-cubic,604,0.013453466827645259,0.08522781008277859,0.9997571684091623
прореживание сетки,R_VV23_12,по A,grid-cubic,604,0.015610249834530033,0.27369830831829,0.9947159653237887
прореживание сетки,R_VV123_12,по R,grid-cubic,604,0.011568336679045983,0.06917899568838538,0.9997668093100877
прореживание сетки,R_VV123_12,по A,grid-cubic,604,0.007501733316592059,0.18992107052347068,0.9954826795206578
срезы по T,R_VT2_12,по R,grid-cubic,162,0.0004731669084322711,0.0018213131248982998,0.9999998995869577
срезы по T,R_VT2_12,по A,grid-cubic,162,0.009441730147079504,0.22152008430585154,0.9992260023337415
срезы по T,R_VV23_12,по R,grid-cubic,162,0.0003541203133244282,0.0037191730434155677,0.9999999320654479
срезы по T,R_VV23_12,по A,grid-cubic,162,0.00010949176444613217,0.06224085606026509,0.9999749145433975
срезы по T,R_VV123_12,по R,grid-cubic,162,0.0002541551842285366,0.0036782033686559934,0.9999998787289416
срезы по T,R_VV123_12,по A,grid-cubic,162,0.00020885993668270746,0.02040097603949529,0.9999989436433776
срезы по T12,R_VT2_12,по R,grid-cubic,162,5.068397572411401e-05,0.00029044825466023215,0.9999999922952602
срезы по T12,R_VT2_12,по A,grid-cubic,162,0.022502994627980152,0.2073788245390374,0.9988485352934646
срезы по T12,R_VV23_12,по R,grid-cubic,162,0.0021745648721185427,0.02428082480704996,0.9999954014093455
срезы по T12,R_VV23_12,по A,grid-cubic,162,0.002978298481054311,0.1439446960932405,0.9996620049278182
срезы по T12,R_VV123_12,по R,grid-cubic,162,0.0010228734602226177,0.00880725654932775,0.9999988918096876
срезы по T12,R_VV123_12,по A,grid-cubic,162,0.0008483412154304965,0.04412374720775272,0.9999273126631794
экстраполяция по T3,R_VT2_12,по R,grid-cubic,162,3.7269463222324017e-06,3.0515873598628474e-05,0.9999999999721164
экстраполяция по T3,R_VT2_12,по A,grid-cubic,162,8.080807015368679e-05,0.0017110909390124671,0.9999999347741367
экстраполяция по T3,R_VV23_12,по R,grid-cubic,162,0.0019424665781747844,0.028345833235873197,0.9999945610117488
экстраполяция по T3,R_VV23_12,по A,grid-cubic,162,0.11482051620382533,3.0008928284192877,-0.5447903955044029
экстраполяция по T3,R_VV123_12,по R,grid-cubic,162,0.0015256498778553436,0.03775589799800648,0.9999903248980754
экстраполяция по T3,R_VV123_12,по A,grid-cubic,162,0.01687871190830203,0.6519808680044431,0.8699126717333305
