разбиение,канал,модель,эпох,n,rel_median,rel_p95,rel_max,abs_max_over_scale,r2,равновесие,доля_неверный_знак
прореживание сетки,R_VT2_12,сеть с физикой,1352.0,604,0.005823686575967608,0.038679165297618515,0.0806033462397938,0.15031989190548714,0.9998966342629254,0.0,0.0
прореживание сетки,R_VV23_12,сеть с физикой,1352.0,604,0.007993595597406361,0.046610191944541635,0.5736030203209633,0.1048588466523945,0.9998882042015272,4.724715433414052e-16,0.0
прореживание сетки,R_VV123_12,сеть с физикой,1352.0,604,0.006359021650228599,0.023274544070577514,0.11382848636846384,0.08997620726252002,0.99991342618635,0.0,0.0
прореживание сетки,R_VT2_12,сеть без физики,1090.0,604,0.04808109183244885,0.17172737532643134,0.3054388733787793,0.972989601274472,0.9947442162523038,0.02053233270544818,0.0
прореживание сетки,R_VV23_12,сеть без физики,1090.0,604,0.02039217107338686,0.07266204530775429,0.6461771855894121,0.1604439898106748,0.9994851737602243,0.07872809282462662,0.0
прореживание сетки,R_VV123_12,сеть без физики,1090.0,604,0.02423347968931298,0.11671830543882201,0.5603358366153484,0.22158057324653796,0.9990455731747949,0.031012777311303086,0.0
прореживание сетки,R_VT2_12,сплайн по R,,604,0.0011743966145570785,0.02536626457910429,0.0586164004794669,0.021168854103573803,0.9999900782013257,0.009503793561850412,0.0
прореживание сетки,R_VV23_12,сплайн по R,,604,0.013453466827645259,0.08522781008277859,1.0101178464887648,0.09829362102931272,0.9997571684091623,0.02010214478738387,0.0016666666666666668
прореживание сетки,R_VV123_12,сплайн по R,,604,0.011568336679045983,0.06917899568838538,0.8561938666558865,0.07105707566053393,0.9997668093100877,0.009281136133006447,0.0
прореживание сетки,R_VT2_12,сплайн по A,,604,0.0657571847760408,0.6995492988245423,1.9814430592515693,0.7618921485895891,0.9931699181141942,0.0,0.014598540145985401
прореживание сетки,R_VV23_12,сплайн по A,,604,0.015610249834530033,0.27369830831829,1.4580359669942968,1.0559940294263597,0.9947159653237887,4.71696480212253e-16,0.005
прореживание сетки,R_VV123_12,сплайн по A,,604,0.007501733316592059,0.18992107052347068,1.6556874558940986,0.8062872676007194,0.9954826795206578,0.0,0.006666666666666667
срезы по T,R_VT2_12,сеть с физикой,3837.0,162,0.0020709476903365285,0.004942230672118454,0.007602629057984942,0.025483197577319875,0.9999905156634812,0.0,0.0
срезы по T,R_VV23_12,сеть с физикой,3837.0,162,0.0038776963335906967,0.029140656382799886,0.10304726081527114,0.017957375952138605,0.9999881336597048,4.687679107536786e-16,0.0
срезы по T,R_VV123_12,сеть с физикой,3837.0,162,0.0021373128541923993,0.006398625476136417,0.06920988182686057,0.01721796244892208,0.9999932271035868,0.0,0.0
срезы по T,R_VT2_12,сеть без физики,5692.0,162,0.007725681059872434,0.02498286150408028,0.03657398953002537,0.13968141820449698,0.9995579653544624,0.0011012186274604065,0.0
срезы по T,R_VV23_12,сеть без физики,5692.0,162,0.002756103260067051,0.014226904736256232,0.04921386450823592,0.052415012027333695,0.9999726992519875,0.0012510129020731327,0.0
срезы по T,R_VV123_12,сеть без физики,5692.0,162,0.003500169419476957,0.01702999656073639,0.04733899382219463,0.02882173101269535,0.9999716896891423,0.0006703112172124933,0.0
срезы по T,R_VT2_12,сплайн по R,,162,0.0004731669084322711,0.0018213131248982998,0.001821536806987111,0.0007811682718357208,0.9999998995869577,0.0005793107605419843,0.0
срезы по T,R_VV23_12,сплайн по R,,162,0.0003541203133244282,0.0037191730434155677,0.010375690171320087,0.0008871744158824058,0.9999999320654479,0.00048540326706802067,0.0
срезы по T,R_VV123_12,сплайн по R,,162,0.0002541551842285366,0.0036782033686559934,0.06161088417577602,0.0014278743048607176,0.9999998787289416,0.0002313618240065138,0.0
срезы по T,R_VT2_12,сплайн по A,,162,0.009441730147079504,0.22152008430585154,0.44726231636990343,0.1463392499267806,0.9992260023337415,0.0,0.0
срезы по T,R_VV23_12,сплайн по A,,162,0.00010949176444613217,0.06224085606026509,0.7207272879345159,0.06676380887840704,0.9999749145433975,4.813177845864055e-16,0.0
срезы по T,R_VV123_12,сплайн по A,,162,0.00020885993668270746,0.02040097603949529,0.1205142893675934,0.01261575017897178,0.9999989436433776,0.0,0.0
срезы по T12,R_VT2_12,сеть с физикой,3721.0,162,0.0010412805117048446,0.004204271004826795,0.007233534995077041,0.03125602400488736,0.9999939432973571,0.0,0.0
срезы по T12,R_VV23_12,сеть с физикой,3721.0,162,0.004667130307172362,0.03674130701391021,0.4683950160589502,0.04295215087758463,0.9999523104751036,4.672094232076648e-16,0.0
срезы по T12,R_VV123_12,сеть с физикой,3721.0,162,0.002393180461916238,0.007333512603820969,0.11045557912126137,0.018127555053698133,0.9999898888402037,0.0,0.0
срезы по T12,R_VT2_12,сеть без физики,5649.0,162,0.005748183504016358,0.01787428021768728,0.029429902583767764,0.05236949773427711,0.9999422119019968,0.0004459672008978751,0.0
срезы по T12,R_VV23_12,сеть без физики,5649.0,162,0.003942694251301117,0.011932264004456633,0.06818263010353984,0.02775681132352527,0.9999694110900199,0.0009229962051722138,0.0
срезы по T12,R_VV123_12,сеть без физики,5649.0,162,0.004019173912877011,0.010386368338628164,0.039242020728659927,0.026903387221785403,0.9999725233347533,0.0008627652745269072,0.0
срезы по T12,R_VT2_12,сплайн по R,,162,5.068397572411401e-05,0.00029044825466023215,0.0002999640258661911,0.0003332582151553385,0.9999999922952602,7.793840158981373e-05,0.0
срезы по T12,R_VV23_12,сплайн по R,,162,0.0021745648721185427,0.02428082480704996,0.0692091163926399,0.006524076885280089,0.9999954014093455,0.0017385638612614279,0.0
срезы по T12,R_VV123_12,сплайн по R,,162,0.0010228734602226177,0.00880725654932775,0.043749866574391345,0.0029616392440027168,0.9999988918096876,0.0021637865188658006,0.0
срезы по T12,R_VT2_12,сплайн по A,,162,0.022502994627980152,0.2073788245390374,0.47456559610079013,0.1771783191253931,0.9988485352934646,0.0,0.0
срезы по T12,R_VV23_12,сплайн по A,,162,0.002978298481054311,0.1439446960932405,0.47066881147699746,0.21716420101953995,0.9996620049278182,4.648097005633326e-16,0.0
срезы по T12,R_VV123_12,сплайн по A,,162,0.0008483412154304965,0.04412374720775272,0.13810173212516133,0.11816461527014888,0.9999273126631794,0.0,0.0
экстраполяция по T3,R_VT2_12,сеть с физикой,4095.0,162,0.0012309691447478068,0.00389514082894,0.0052955868223247896,0.024460113459271644,0.999994973710763,0.0,0.0
экстраполяция по T3,R_VV23_12,сеть с физикой,4095.0,162,0.010242403196470027,0.045765138996446,0.30783969755331436,0.09654946590112168,0.9995879366205815,1.6873157697848854e-16,0.0
экстраполяция по T3,R_VV123_12,сеть с физикой,4095.0,162,0.00912004073593123,0.021826299431625944,0.0319288281497686,0.0465355055264629,0.9997975056550942,0.0,0.0
экстраполяция по T3,R_VT2_12,сеть без физики,5641.0,162,0.009719338538373368,0.025242765701893075,0.03463794013980583,0.1592576203633751,0.9997676239621692,0.0008936305864211125,0.0
экстраполяция по T3,R_VV23_12,сеть без физики,5641.0,162,0.009849689561920779,0.02868272684484717,0.14274520869292961,0.10391544283795658,0.9994841666240264,0.0009597805174865623,0.0
экстраполяция по T3,R_VV123_12,сеть без физики,5641.0,162,0.010151818690149831,0.038519518505074936,0.18184189929187328,0.05507644370689034,0.9997790595063987,0.004711101678626336,0.0
экстраполяция по T3,R_VT2_12,сплайн по R,,162,3.7269463222324017e-06,3.0515873598628474e-05,8.550537783876569e-05,2.412866439508376e-05,0.9999999999721164,1.20750299010075e-05,0.0
экстраполяция по T3,R_VV23_12,сплайн по R,,162,0.0019424665781747844,0.028345833235873197,0.21350953360199937,0.005760305494509908,0.9999945610117488,0.0038621920343101003,0.0
экстраполяция по T3,R_VV123_12,сплайн по R,,162,0.0015256498778553436,0.03775589799800648,0.2763592083349397,0.006199631807310586,0.9999903248980754,0.006502624126013243,0.0
экстраполяция по T3,R_VT2_12,сплайн по A,,162,8.080807015368679e-05,0.0017110909390124671,0.0037588409392687646,0.0029476216895595975,0.9999999347741367,0.0,0.0
экстраполяция по T3,R_VV23_12,сплайн по A,,162,0.11482051620382533,3.0008928284192877,17.05145429221419,10.514549139193697,-0.5447903955044029,1.6682238726407126e-16,0.08125
экстраполяция по T3,R_VV123_12,сплайн по A,,162,0.01687871190830203,0.6519808680044431,2.8994925685697,2.8889743545162423,0.8699126717333305,0.0,0.01875
