hidden,depth,epochs,lr,seed,эпох,сек,VT2,VV23,VV123,равновесие,знак,среднее
16,2,1500,0.003,0,1500,4.028652906417847,0.038058457911297215,0.0582390715147827,0.03812546724870362,4.2525950819454906e-16,0.0,0.04480766555826118
16,2,1500,0.003,1,1500,1.875281810760498,0.03296390777195846,0.04887235779650123,0.042276206481601464,4.3129445982886953e-16,0.0,0.04137082401668705
16,2,6000,0.003,0,6000,7.462929010391235,0.016907612501206183,0.027381131364637636,0.02939043486659345,4.705918751023412e-16,0.0,0.024559726244145753
16,2,6000,0.003,1,6000,7.329133749008179,0.014144676565277662,0.0331615927970181,0.02996708482942918,4.667320360686261e-16,0.0,0.02575778473057498
16,3,1500,0.003,0,1500,2.166961908340454,0.030202691300330736,0.05303319991970135,0.03846640722203734,4.2770633538662667e-16,0.0,0.04056743281402314
16,3,1500,0.003,1,1500,2.161842107772827,0.029816030192447992,0.045942710850990214,0.04042657599203807,4.462618378163981e-16,0.0,0.038728439011825426
16,3,6000,0.003,0,6000,8.64561414718628,0.014942408575360583,0.013700356567019033,0.011448121529790405,4.733176143345333e-16,0.0,0.01336362889072334
16,3,6000,0.003,1,5823,8.466800928115845,0.01442007522536951,0.014291458082381603,0.012177997249967579,4.824633468929589e-16,0.0,0.013629843519239564
16,4,1500,0.003,0,1500,2.5999128818511963,0.03498453246836779,0.04476536613538549,0.03428370944297954,4.629285552388253e-16,0.0,0.038011202682244276
16,4,1500,0.003,1,1500,2.548285961151123,0.022669965773701554,0.044385731592324305,0.04182257579036804,4.352047682448825e-16,0.0,0.03629275771879797
16,4,6000,0.003,0,4541,7.893932819366455,0.005649103215074993,0.011342520141322745,0.008695607117006243,4.706152122843027e-16,0.0,0.008562410157801327
16,4,6000,0.003,1,5819,9.774829864501953,0.009821773377933166,0.013385771892425414,0.011168532939943292,4.744220955443707e-16,0.0,0.01145869273676729
32,2,1500,0.003,0,1500,2.012772798538208,0.02690694806650729,0.043101649281294035,0.03597113394941361,4.552476125313611e-16,0.0,0.035326577099071645
32,2,1500,0.003,1,1500,1.8775267601013184,0.030189563149301914,0.03862697813326188,0.03850372700357489,4.518065341459255e-16,0.0,0.035773422762046224
32,2,6000,0.003,0,5838,7.224299907684326,0.00588033889312132,0.014331037183750844,0.010819314519782394,4.779588345653976e-16,0.0,0.010343563532218186
32,2,6000,0.003,1,6000,7.523512125015259,0.010949361570506501,0.01647801721975172,0.015838411576887687,4.673092278288381e-16,0.0,0.01442193012238197
32,3,1500,0.003,0,1500,2.2559940814971924,0.01977834311730777,0.03768920691873174,0.029066591842183076,4.619072154660319e-16,0.0,0.02884471395940753
32,3,1500,0.003,1,1500,2.2296488285064697,0.019451545051682884,0.03526972167196118,0.0318546869866798,4.614774623507349e-16,0.0,0.028858651236774623
32,3,6000,0.003,0,5675,8.358659982681274,0.006207804950713236,0.00976468901369007,0.007129200187054315,4.747624258128996e-16,0.0,0.00770056471715254
32,3,6000,0.003,1,5828,8.618483781814575,0.0048047444730128725,0.012693880714617571,0.009710715387087713,4.7965202345327455e-16,0.0,0.009069780191572717
32,4,1500,0.003,0,1500,2.636096954345703,0.02151997079510585,0.033487075295221054,0.024913642188710484,4.609039347461954e-16,0.0,0.026640229426345797
32,4,1500,0.003,1,1500,2.567209005355835,0.016265115191083767,0.033629497269159855,0.03219761561345958,4.59452187544592e-16,0.0,0.027364076024567734
32,4,6000,0.003,0,5269,9.110677242279053,0.004500425044191852,0.010108891172644893,0.007350772106772793,4.7530428464341295e-16,0.0,0.0073200294412031795
32,4,6000,0.003,1,5231,8.872674942016602,0.006890658832355211,0.013170732305949798,0.009980374747050824,4.793757722881126e-16,0.0,0.010013921961785277
64,2,1500,0.003,0,1500,2.2401158809661865,0.02262819332202963,0.03857480372044194,0.030195576055260617,4.63347272266204e-16,0.0,0.0304661910325774
64,2,1500,0.003,1,1500,1.9168481826782227,0.022703592382364197,0.03694371476326994,0.03408559913310158,4.585836954084206e-16,0.0,0.031244302092911905
64,2,6000,0.003,0,3623,4.606250047683716,0.008068849935317413,0.013838716835784212,0.011395488767536252,4.718789534031888e-16,0.0,0.011101018512879292
64,2,6000,0.003,1,5275,6.667683124542236,0.005992296753871022,0.010706093749345703,0.009757737629136816,4.70227553338338e-16,0.0,0.00881870937745118
64,3,1500,0.003,0,1500,2.248293161392212,0.015093440751397687,0.029564565005690796,0.023066832030945617,4.693709260872011e-16,0.0,0.022574945929344697
64,3,1500,0.003,1,1500,2.249601125717163,0.015160078514497863,0.03445195078811927,0.025656135115179158,4.625402419793477e-16,0.0,0.025089388139265433
64,3,6000,0.003,0,3993,5.96596097946167,0.004428083165006501,0.011204580595171187,0.006628409976339827,4.780518343260363e-16,0.0,0.007420357912172506
64,3,6000,0.003,1,2517,3.773439884185791,0.005280712295330874,0.010814177938937993,0.009825194693837334,4.722229042064892e-16,0.0,0.008640028309368735
64,4,1500,0.003,0,1500,2.632488965988159,0.01081008407493493,0.013991700665396447,0.019486966443224188,4.760682174802171e-16,0.0,0.01476291706118519
64,4,1500,0.003,1,1500,2.5837080478668213,0.011639503921892667,0.024320686701313533,0.014789721232258673,4.667284591547554e-16,0.0,0.016916637285154957
64,4,6000,0.003,0,1742,3.031156063079834,0.005790468933871164,0.009591873606730457,0.010887691371634974,4.747588488990288e-16,0.0,0.008756677970745532
64,4,6000,0.003,1,2993,5.1440110206604,0.004907255119802604,0.008262017822430256,0.006661429382178331,4.734674957498967e-16,0.0,0.006610234108137064
128,2,1500,0.003,0,1500,2.336229085922241,0.014186824725832436,0.019296513033511434,0.01700343364270708,4.671096185864915e-16,0.0,0.01682892380068365
128,2,1500,0.003,1,1500,2.042510986328125,0.00989053330022073,0.029622591551663153,0.027460994762934662,4.639043547911184e-16,0.0,0.022324706538272846
128,2,6000,0.003,0,2846,3.7013702392578125,0.005911815212545796,0.01215458085640001,0.009651047607228585,4.667409347324021e-16,0.0,0.00923914789205813
128,2,6000,0.003,1,5180,6.709627151489258,0.005508375799165266,0.00962977427465171,0.0068174498430239065,4.725346627849532e-16,0.0,0.007318533305613628
128,3,1500,0.003,0,1500,3.6756439208984375,0.007660824939821703,0.019841009816273375,0.015791247414305827,4.6842648996262815e-16,0.0,0.014431027390133635
128,3,1500,0.003,1,1500,3.928576946258545,0.008797803451955518,0.014401626862208769,0.012019110690078258,4.674803962438224e-16,0.0,0.011739513668080848
128,3,6000,0.003,0,1472,3.08358097076416,0.006120284307224039,0.010041159462513225,0.00866451663658217,4.71206231870088e-16,0.0,0.008275320135439811
128,3,6000,0.003,1,1873,3.825065851211548,0.005394574333925817,0.00801391737191922,0.005756055743757999,4.728375663205421e-16,0.0,0.006388182483201012
128,4,1500,0.003,0,1500,3.083041191101074,0.006025565269188903,0.008603972230100702,0.007535245103800553,4.718267391848564e-16,0.0,0.007388260867696718
128,4,1500,0.003,1,1500,3.3707900047302246,0.005798782960601733,0.009032607789527266,0.008796962493049183,4.69578692438009e-16,0.0,0.007876117747726062
128,4,6000,0.003,0,1352,3.1994917392730713,0.005823686575967608,0.007993595597406361,0.006359021650228599,4.724715433414052e-16,0.0,0.0067254346078675226
128,4,6000,0.003,1,2021,4.833201169967651,0.003816365526964823,0.008074806566599577,0.005390797852757283,4.74208571234649e-16,0.0,0.005760656648773894
