T,T12,T3,partner,R_VT2_12,R_VT2_3,R_VV23_12,R_VV23_3,R_VV123_12,R_VV123_3
1000,1000,1000,CO2,-0.0,0.0,-0.0,-0.0,-0.0,-0.0
1000,1000,1500,CO2,-0.0,0.0,1.5355561279598603e-17,-5.118520426532881e-18,1.0865681376293902e-17,-3.621893792097961e-18
1000,1000,2000,CO2,-0.0,0.0,3.32825869068971e-17,-1.1094195635632401e-17,2.4304596777155502e-17,-8.101532259051841e-18
1000,1000,2500,CO2,-0.0,0.0,5.078038865476591e-17,-1.69267962182553e-17,3.8263763163156504e-17,-1.2754587721052201e-17
1000,1000,3000,CO2,-0.0,0.0,6.68745743180384e-17,-2.2291524772679503e-17,5.1894447424254905e-17,-1.7298149141418304e-17
1000,1000,3500,CO2,-0.0,0.0,8.13723269058383e-17,-2.7124108968612703e-17,6.486966366782072e-17,-2.1623221222606904e-17
1000,1000,4000,CO2,-0.0,0.0,9.435069246948711e-17,-3.145023082316241e-17,7.708271281325831e-17,-2.5694237604419404e-17
1000,1000,4500,CO2,-0.0,0.0,1.0596671828180501e-16,-3.53222394272682e-17,8.852174909343581e-17,-2.9507249697811903e-17
1000,1000,5000,CO2,-0.0,0.0,1.16388345329713e-16,-3.8796115109904403e-17,9.921547389089152e-17,-3.3071824630297204e-17
1000,1500,1000,CO2,-2.25712163209087e-19,0.0,-1.3888850131033704e-17,4.6296167103445804e-18,-1.1088217850560302e-17,3.696072616853421e-18
1000,1500,1500,CO2,-2.2571216320906803e-19,0.0,4.270644043866131e-18,-1.4235480146220402e-18,3.3733318106687607e-18,-1.1244439368895902e-18
1000,1500,2000,CO2,-2.2571216320769903e-19,0.0,2.4988360244017505e-17,-8.329453414672491e-18,2.07924845904075e-17,-6.930828196802511e-18
1000,1500,2500,CO2,-2.2571216311564705e-19,0.0,4.468155311576051e-17,-1.48938510385868e-17,3.83600955318602e-17,-1.2786698510620101e-17
1000,1500,3000,CO2,-2.2571216112647303e-19,0.0,6.23073184465917e-17,-2.0769106148863903e-17,5.501615914446981e-17,-1.8338719714823303e-17
1000,1500,3500,CO2,-2.2571214260728006e-19,0.0,7.776130947028471e-17,-2.5920436490094903e-17,7.042821152592392e-17,-2.34760705086413e-17
1000,1500,4000,CO2,-2.2571204558554204e-19,0.0,9.123581516819452e-17,-3.04119383893982e-17,8.454995598056321e-17,-2.81833186601877e-17
1000,1500,4500,CO2,-2.2571170417077204e-19,0.0,1.0299158605176101e-16,-3.43305286839202e-17,9.744453686880521e-17,-3.2481512289601705e-17
1000,1500,5000,CO2,-2.2571079832114004e-19,0.0,1.1328085158705402e-16,-3.7760283862351204e-17,1.0921243622935302e-16,-3.64041454097843e-17
1000,2000,1000,CO2,-4.551343758934801e-19,0.0,-2.9215490571699105e-17,9.738496857233031e-18,-2.7244058740950403e-17,9.081352913650142e-18
1000,2000,1500,CO2,-4.55134375827245e-19,0.0,-1.0136523308114e-17,3.3788411027046606e-18,-9.842480153701992e-18,3.2808267179006604e-18
1000,2000,2000,CO2,-4.551343755333681e-19,0.0,1.1322174655921502e-17,-3.774058218640501e-18,1.0686383585969502e-17,-3.562127861989831e-18
1000,2000,2500,CO2,-4.55134373152098e-19,0.0,3.1385218930647004e-17,-1.0461739643549e-17,3.0913532072349103e-17,-1.0304510690783e-17
1000,2000,3000,CO2,-4.551343520228771e-19,0.0,4.9035395303509205e-17,-1.63451317678364e-17,4.964778520205971e-17,-1.6549261734019903e-17
1000,2000,3500,CO2,-4.551342225857421e-19,0.0,6.424604920626521e-17,-2.1415349735421704e-17,6.659512898377562e-17,-2.21983763279252e-17
1000,2000,4000,CO2,-4.55133687780051e-19,0.0,7.728435442882781e-17,-2.5761451476275903e-17,8.17919054827568e-17,-2.72639684942523e-17
1000,2000,4500,CO2,-4.551320719341681e-19,0.0,8.847077105995152e-17,-2.94902570199838e-17,9.53858329703463e-17,-3.1795277656782105e-17
1000,2000,5000,CO2,-4.551282161543941e-19,0.0,9.810223568989491e-17,-3.270074522996501e-17,1.07551522514748e-16,-3.585050750491601e-17
1000,2500,1000,CO2,-6.848096461523121e-19,0.0,-4.14844511586621e-17,1.3828150386220702e-17,-4.466808758605881e-17,1.4889362528686302e-17
1000,2500,1500,CO2,-6.848096357383291e-19,0.0,-2.25402535097852e-17,7.513417836595071e-18,-2.4967990683586003e-17,8.322663561195331e-18
1000,2500,2000,CO2,-6.848096100791391e-19,0.0,-1.4308329685607902e-18,4.769443228535951e-19,-2.0962754303780602e-18,6.987584767926871e-19
1000,2500,2500,CO2,-6.848095386456251e-19,0.0,1.8092859430397204e-17,-6.0309531434657305e-18,2.0037000787510303e-17,-6.679000262503451e-18
1000,2500,3000,CO2,-6.848092981413021e-19,0.0,3.50751255712409e-17,-1.1691708523747002e-17,4.0166932545605e-17,-1.33889775152017e-17
1000,2500,3500,CO2,-6.848084775208561e-19,0.0,4.954445415247911e-17,-1.6514818050826402e-17,5.80570515940869e-17,-1.9352350531362305e-17
1000,2500,4000,CO2,-6.848060512350371e-19,0.0,6.18080296034629e-17,-2.0602676534487605e-17,7.38283705524976e-17,-2.4609456850832503e-17
1000,2500,4500,CO2,-6.848000780165841e-19,0.0,7.22131218718437e-17,-2.4071040623947903e-17,8.770792343985212e-17,-2.92359744799507e-17
1000,2500,5000,CO2,-6.847876312941781e-19,0.0,8.10739306588918e-17,-2.7024643552963902e-17,9.993641195411211e-17,-3.33121373180374e-17
1000,3000,1000,CO2,-9.135773780588081e-19,0.0,-4.9868658380358606e-17,1.6622886126786204e-17,-6.102545732649191e-17,2.0341819108830602e-17
1000,3000,1500,CO2,-9.13577092231446e-19,0.0,-3.16093516582887e-17,1.0536450552762903e-17,-3.9596395835860604e-17,1.3198798611953501e-17
1000,3000,2000,CO2,-9.13576521297586e-19,0.0,-1.1393086765044103e-17,3.79769558834804e-18,-1.5022868501140802e-17,5.0076228337135906e-18
1000,3000,2500,CO2,-9.135754200693362e-19,0.0,7.165906363930971e-18,-2.3886354546436605e-18,8.42710492824e-18,-2.8090349760800006e-18
1000,3000,3000,CO2,-9.135731509179791e-19,0.0,2.3184202712548004e-17,-7.728067570849341e-18,2.94538739418374e-17,-9.817957980612482e-18
1000,3000,3500,CO2,-9.135682442127931e-19,0.0,3.672620818602431e-17,-1.22420693953414e-17,4.788328659113971e-17,-1.5961095530379904e-17
1000,3000,4000,CO2,-9.135578657207552e-19,0.0,4.811554418153171e-17,-1.6038514727177202e-17,6.391353257689251e-17,-2.1304510858964204e-17
1000,3000,4500,CO2,-9.13537520559834e-19,0.0,5.770562207524441e-17,-1.9235207358414803e-17,7.783990912310631e-17,-2.5946636374368806e-17
1000,3000,5000,CO2,-9.135012475032762e-19,0.0,6.581143307206931e-17,-2.1937144357356403e-17,8.995793949715902e-17,-2.99859798323863e-17
1000,3500,1000,CO2,-1.1409355642670202e-18,0.0,-5.491618308086551e-17,1.83053943602885e-17,-7.522865218702991e-17,2.5076217395676703e-17
1000,3500,1500,CO2,-1.14093270963508e-18,0.0,-3.76057522709378e-17,1.2535250756979302e-17,-5.255820183404971e-17,1.75194006113499e-17
1000,3500,2000,CO2,-1.1409275808819501e-18,0.0,-1.85279984496974e-17,6.1759994832324606e-18,-2.6811825087442103e-17,8.937275029147371e-18
1000,3500,2500,CO2,-1.1409191907654502e-18,0.0,-1.1071312371636101e-18,3.6904374572120506e-19,-2.5113679696923902e-18,8.371226565641301e-19
1000,3500,3000,CO2,-1.1409054070331701e-18,0.0,1.3845961188251602e-17,-4.615320396083851e-18,1.9035258698940402e-17,-6.345086232980131e-18
1000,3500,3500,CO2,-1.1408823083890502e-18,0.0,2.6417781278255603e-17,-8.805927092751881e-18,3.7713903740631205e-17,-1.2571301246877103e-17
1000,3500,4000,CO2,-1.14084364943991e-18,0.0,3.69337698776543e-17,-1.2311256625884801e-17,5.378895366691901e-17,-1.7929651222306302e-17
1000,3500,4500,CO2,-1.1407808855259103e-18,0.0,4.5741407401644506e-17,-1.5247135800548202e-17,6.761159326945251e-17,-2.2537197756484202e-17
1000,3500,5000,CO2,-1.1406839249264701e-18,0.0,5.314723994628551e-17,-1.77157466487618e-17,7.95207986649612e-17,-2.65069328883204e-17
1000,4000,1000,CO2,-1.3665452009803103e-18,0.0,-5.74547215474091e-17,1.9151573849136403e-17,-8.694182255235091e-17,2.8980607517450306e-17
1000,4000,1500,CO2,-1.3665300275393703e-18,0.0,-4.119680832011131e-17,1.3732269440037101e-17,-6.343693056770602e-17,2.1145643522568702e-17
1000,4000,2000,CO2,-1.3665044481299102e-18,0.0,-2.3340193236429105e-17,7.780064412143031e-18,-3.694863641576481e-17,1.2316212138588302e-17
1000,4000,2500,CO2,-1.3664662555379004e-18,0.0,-7.098475977586461e-18,2.3661586591954903e-18,-1.2166829345814103e-17,4.05560978193803e-18
1000,4000,3000,CO2,-1.3664106329596402e-18,0.0,6.7859570018400005e-18,-2.26198566728e-18,9.610419405540382e-18,-3.2034731351801303e-18
1000,4000,3500,CO2,-1.3663296961442803e-18,0.0,1.84123324043626e-17,-6.137444134787541e-18,2.8323517935990503e-17,-9.44117264533015e-18
1000,4000,4000,CO2,-1.3662124110463202e-18,0.0,2.8099293368589605e-17,-9.366431122863222e-18,4.4291505995143004e-17,-1.4763835331714302e-17
1000,4000,4500,CO2,-1.36604532897266e-18,0.0,3.6181739280985904e-17,-1.2060579760328601e-17,5.79096926328719e-17,-1.9303230877624004e-17
1000,4000,5000,CO2,-1.36581410642452e-18,0.0,4.2952931542799804e-17,-1.4317643847599902e-17,6.955023219601241e-17,-2.3183410732004104e-17
1000,4500,1000,CO2,-1.5899477070572403e-18,0.0,-5.822655519165191e-17,1.9408851730550602e-17,-9.622306169848062e-17,3.2074353899493506e-17
1000,4500,1500,CO2,-1.5898945825266101e-18,0.0,-4.3035777671402706e-17,1.4345259223800902e-17,-7.221619928376301e-17,2.4072066427921004e-17
1000,4500,2000,CO2,-1.5898087465889903e-18,0.0,-2.6394831939665404e-17,8.798277313221801e-18,-4.5331776650858106e-17,1.5110592216952703e-17
1000,4500,2500,CO2,-1.5896877710420102e-18,0.0,-1.1304078211124101e-17,3.76802607037469e-18,-2.0358455865022403e-17,6.7861519550074805e-18
1000,4500,3000,CO2,-1.5895239860346703e-18,0.0,1.5569727339442301e-18,-5.18990911314744e-19,1.4278513150526402e-18,-4.7595043835088e-19
1000,4500,3500,CO2,-1.5893050919518201e-18,0.0,1.2294065563147501e-17,-4.098021854382501e-18,2.0015568122998404e-17,-6.6718560409994515e-18
1000,4500,4000,CO2,-1.5890151856593903e-18,0.0,2.1214229033188505e-17,-7.071409677729491e-18,3.5767567216369006e-17,-1.1922522405456303e-17
1000,4500,4500,CO2,-1.5886365499501901e-18,0.0,2.86364226980636e-17,-9.545474232687871e-18,4.91128521503465e-17,-1.6370950716782204e-17
1000,4500,5000,CO2,-1.5881519865110903e-18,0.0,3.48383789613282e-17,-1.1612792987109402e-17,6.044792337959711e-17,-2.0149307793199005e-17
1000,5000,1000,CO2,-1.810380467697e-18,0.0,-5.780895927869021e-17,1.9269653092896702e-17,-1.0331446910052701e-16,3.44381563668424e-17
1000,5000,1500,CO2,-1.81024120322012e-18,0.0,-4.3651355741119204e-17,1.4550451913706402e-17,-7.907169067471411e-17,2.63572302249047e-17
1000,5000,2000,CO2,-1.8100229030177603e-18,0.0,-2.81739305452494e-17,9.391310181749792e-18,-5.206357256706471e-17,1.7354524189021604e-17
1000,5000,2500,CO2,-1.80972720638592e-18,0.0,-1.4170863984972904e-17,4.723621328324291e-18,-2.7122660188824205e-17,9.04088672960808e-18
1000,5000,3000,CO2,-1.80934583555919e-18,0.0,-2.2648082924632904e-18,7.549360974877651e-19,-5.4945117941515006e-18,1.83150393138383e-18
1000,5000,3500,CO2,-1.80886372904735e-18,0.0,7.652438210764812e-18,-2.5508127369216005e-18,1.2850655323817002e-17,-4.283551774605671e-18
1000,5000,4000,CO2,-1.80826199983397e-18,0.0,1.5873829088310602e-17,-5.291276362770211e-18,2.83099412186569e-17,-9.436647072885641e-18
1000,5000,4500,CO2,-1.8075210587002003e-18,0.0,2.27009925678204e-17,-7.566997522606811e-18,4.13371300651294e-17,-1.3779043355043102e-17
1000,5000,5000,CO2,-1.80662368643355e-18,0.0,2.839540211812e-17,-9.465134039373341e-18,5.2345688794710907e-17,-1.7448562931570303e-17
1500,1000,1000,CO2,4.52517208353416e-19,0.0,-1.7340572004167201e-18,5.7801906680557505e-19,-1.3753889012904603e-18,4.58462967096819e-19
1500,1000,1500,CO2,4.52517208353416e-19,0.0,1.7824272769648e-17,-5.9414242565493304e-18,1.4972964884012304e-17,-4.990988294670751e-18
1500,1000,2000,CO2,4.525172083532611e-19,0.0,4.0348636055581906e-17,-1.3449545351860602e-17,3.4723928669640005e-17,-1.1574642889880003e-17
1500,1000,2500,CO2,4.52517208322903e-19,0.0,6.199139341349051e-17,-2.0663797804496803e-17,5.4703778723602006e-17,-1.8234592907867304e-17
1500,1000,3000,CO2,4.5251720728125e-19,0.0,8.157812125790941e-17,-2.7192707085969802e-17,7.369824551946962e-17,-2.4566081839823205e-17
1500,1000,3500,CO2,4.525171946748861e-19,0.0,9.894053148704112e-17,-3.2980177162347004e-17,9.131439121596302e-17,-3.0438130405321003e-17
1500,1000,4000,CO2,4.525171164620541e-19,0.0,1.1424089351649502e-16,-3.8080297838831606e-17,1.0748631716602801e-16,-3.5828772388675906e-17
1500,1000,4500,CO2,4.525168068795151e-19,0.0,1.27727412907815e-16,-4.257580430260491e-17,1.2227570818672203e-16,-4.07585693955739e-17
1500,1000,5000,CO2,4.52515911519113e-19,0.0,1.3964889693305002e-16,-4.654963231101661e-17,1.3578956830594104e-16,-4.52631894353138e-17
1500,1500,1000,CO2,-0.0,0.0,-2.12560140771079e-17,7.08533802570264e-18,-2.0334357485400302e-17,6.778119161800091e-18
1500,1500,1500,CO2,-0.0,0.0,-0.0,-0.0,-0.0,-0.0
1500,1500,2000,CO2,-0.0,0.0,2.3991963190727404e-17,-7.997321063575792e-18,2.3912050524898205e-17,-7.97068350829939e-18
1500,1500,2500,CO2,-0.0,0.0,4.651502966029141e-17,-1.5505009886763803e-17,4.7382727040276104e-17,-1.57942423467587e-17
1500,1500,3000,CO2,-0.0,0.0,6.641275080828531e-17,-2.2137583602761804e-17,6.903218192896761e-17,-2.3010727309655902e-17
1500,1500,3500,CO2,-0.0,0.0,8.363171892880321e-17,-2.7877239642934407e-17,8.85343477044031e-17,-2.9511449234801004e-17
1500,1500,4000,CO2,-0.0,0.0,9.845134696327932e-17,-3.28171156544264e-17,1.0594787187768601e-16,-3.5315957292562006e-17
1500,1500,4500,CO2,-0.0,0.0,1.11215884159803e-16,-3.7071961386601005e-17,1.2145858229595702e-16,-4.0486194098652405e-17
1500,1500,5000,CO2,-0.0,0.0,1.2224755289436802e-16,-4.07491842981228e-17,1.3528079247991504e-16,-4.5093597493305106e-17
1500,2000,1000,CO2,-4.548261546670571e-19,0.0,-4.0246902378772e-17,1.3415634126257302e-17,-4.4820193921482506e-17,1.49400646404942e-17
1500,2000,1500,CO2,-4.54826154608864e-19,0.0,-1.90963017037811e-17,6.36543390126035e-18,-2.1676925570366003e-17,7.22564185678868e-18
1500,2000,2000,CO2,-4.548261543455591e-19,0.0,4.49403551212013e-18,-1.4980118373733804e-18,5.01699994634397e-18,-1.6723333154479903e-18
1500,2000,2500,CO2,-4.54826152139107e-19,0.0,2.6335616973878704e-17,-8.778538991292901e-18,3.06544628183491e-17,-1.0218154272783002e-17
1500,2000,3000,CO2,-4.548261321276251e-19,0.0,4.5354439448570107e-17,-1.5118146482856702e-17,5.378910586868341e-17,-1.79297019562278e-17
1500,2000,3500,CO2,-4.54826008205724e-19,0.0,6.157558793490141e-17,-2.0525195978300502e-17,7.41889932494997e-17,-2.4729664416499903e-17
1500,2000,4000,CO2,-4.548254931208131e-19,0.0,7.533705961928702e-17,-2.5112353206429003e-17,9.203433216321001e-17,-3.067811072107e-17
1500,2000,4500,CO2,-4.548239310292791e-19,0.0,8.702321253462051e-17,-2.9007737511540206e-17,1.0762025951701801e-16,-3.5873419839005906e-17
1500,2000,5000,CO2,-4.5482019398667105e-19,0.0,9.698264120644121e-17,-3.2327547068813705e-17,1.2124984410838e-16,-4.0416614702793404e-17
1500,2500,1000,CO2,-9.051317512308281e-19,0.0,-5.4011109567736603e-17,1.8003703189245503e-17,-6.862637899508781e-17,2.2875459665029306e-17
1500,2500,1500,CO2,-9.051317391432022e-19,0.0,-3.37884151025308e-17,1.1262805034176902e-17,-4.361341383681231e-17,1.4537804612270803e-17
1500,2500,2000,CO2,-9.05131709107973e-19,0.0,-1.1401402889785502e-17,3.800467629928501e-18,-1.5159152704732502e-17,5.053050901577511e-18
1500,2500,2500,CO2,-9.051316241148101e-19,0.0,9.146728267211761e-18,-3.0489094224039205e-18,1.1745218322753301e-17,-3.9150727742511e-18
1500,2500,3000,CO2,-9.05131331841515e-19,0.0,2.6878079653325106e-17,-8.95935988444171e-18,3.56413197278703e-17,-1.1880439909290101e-17
1500,2500,3500,CO2,-9.05130317365118e-19,0.0,4.18645884586875e-17,-1.3954862819562502e-17,5.63887845777725e-17,-1.8796261525924205e-17
1500,2500,4000,CO2,-9.051272843184763e-19,0.0,5.446513726203051e-17,-1.8155045754010202e-17,7.42687703449075e-17,-2.4756256781635803e-17
1500,2500,4500,CO2,-9.05119763979908e-19,0.0,6.507141543376841e-17,-2.1690471811256103e-17,8.966160611457802e-17,-2.9887202038192705e-17
1500,2500,5000,CO2,-9.051040185311012e-19,0.0,7.403238967578531e-17,-2.4677463225261804e-17,1.0293654638850701e-16,-3.43121821295024e-17
1500,3000,1000,CO2,-1.34881130783138e-18,0.0,-6.249870393753951e-17,2.0832901312513202e-17,-8.89392342196163e-17,2.96464114065387e-17
1500,3000,1500,CO2,-1.3488109369809302e-18,0.0,-4.3541006975218404e-17,1.45136689917395e-17,-6.278189606621461e-17,2.0927298688738204e-17
1500,3000,2000,CO2,-1.3488101922042401e-18,0.0,-2.2658669192431702e-17,7.552889730810571e-18,-3.332488358306811e-17,1.1108294527689401e-17
1500,3000,2500,CO2,-1.3488087425452202e-18,0.0,-3.601325232085241e-18,1.2004417440284102e-18,-5.789100458610431e-18,1.9297001528701403e-18
1500,3000,3000,CO2,-1.3488057160232803e-18,0.0,1.27463170366832e-17,-4.24877234556108e-18,1.83853525281451e-17,-6.128450842715051e-18
1500,3000,3500,CO2,-1.3487990763174803e-18,0.0,2.6482056436694503e-17,-8.827352145564831e-18,3.913728787746571e-17,-1.3045762625821902e-17
1500,3000,4000,CO2,-1.34878485577321e-18,0.0,3.7964413151668305e-17,-1.2654804383889401e-17,5.68257921823668e-17,-1.8941930727455603e-17
1500,3000,4500,CO2,-1.3487567142492802e-18,0.0,4.7575182746130105e-17,-1.5858394248710003e-17,7.189347193730642e-17,-2.39644906457688e-17
1500,3000,5000,CO2,-1.3487061949608501e-18,0.0,5.565070215803121e-17,-1.8550234052677103e-17,8.475601017213031e-17,-2.82520033907101e-17
1500,3500,1000,CO2,-1.7851130357658303e-18,0.0,-6.691762899034602e-17,2.2305876330115304e-17,-1.0500599031859201e-16,3.5001996772864e-17
1500,3500,1500,CO2,-1.7851091056505303e-18,0.0,-4.932363790065321e-17,1.6441212633551103e-17,-7.825740888290042e-17,2.6085802960966805e-17
1500,3500,2000,CO2,-1.7851020155263203e-18,0.0,-3.0010632400802704e-17,1.0003544133600901e-17,-4.836224779360721e-17,1.6120749264535704e-17
1500,3500,2500,CO2,-1.7850903441776603e-18,0.0,-1.2455252065416402e-17,4.151750688472141e-18,-2.0655808536390003e-17,6.8852695121300215e-18
1500,3500,3000,CO2,-1.7850710030212804e-18,0.0,2.5430004672021603e-18,-8.476668224007211e-19,3.4574879707155002e-18,-1.1524959902385002e-18
1500,3500,3500,CO2,-1.7850382532514804e-18,0.0,1.5094815494095104e-17,-5.031605164698371e-18,2.3981569622280103e-17,-7.993856540760042e-18
1500,3500,4000,CO2,-1.78498286479424e-18,0.0,2.5547140585166303e-17,-8.515713528388781e-18,4.1333011877173107e-17,-1.3777670625724402e-17
1500,3500,4500,CO2,-1.7848921058895104e-18,0.0,3.4263523657377704e-17,-1.14211745524592e-17,5.599768268755911e-17,-1.86658942291864e-17
1500,3500,5000,CO2,-1.7847508367158902e-18,0.0,4.156177339540761e-17,-1.3853924465135902e-17,6.842195636319002e-17,-2.2807318787730003e-17
1500,4000,1000,CO2,-2.21366099997597e-18,0.0,-6.850414088541531e-17,2.2834713628471803e-17,-1.1702324995567002e-16,3.90077499852233e-17
1500,4000,1500,CO2,-2.2136393378498604e-18,0.0,-5.2255853986401206e-17,1.7418617995467102e-17,-9.009925293047511e-17,3.0033084310158404e-17
1500,4000,2000,CO2,-2.2136026944823204e-18,0.0,-3.4464881377744005e-17,1.14882937925813e-17,-6.018385476197611e-17,2.0061284920658702e-17
1500,4000,2500,CO2,-2.2135477161246903e-18,0.0,-1.83390099355446e-17,6.113003311848201e-18,-3.26415494011656e-17,1.08805164670552e-17
1500,4000,3000,CO2,-2.2134671325280702e-18,0.0,-4.6016193935798705e-18,1.5338731311932903e-18,-8.831035050913291e-18,2.94367835030443e-18
1500,4000,3500,CO2,-2.2133489685580003e-18,0.0,6.863054305985641e-18,-2.28768476866188e-18,1.1303821334053902e-17,-3.7679404446846404e-18
1500,4000,4000,CO2,-2.21317632183576e-18,0.0,1.6384927267157502e-17,-5.461642422385851e-18,2.82203351899314e-17,-9.406778396643811e-18
1500,4000,4500,CO2,-2.2129284189995007e-18,0.0,2.4305798401055602e-17,-8.101932800351881e-18,4.2432658667608004e-17,-1.41442195558694e-17
1500,4000,5000,CO2,-2.21258292840903e-18,0.0,3.0922810592967703e-17,-1.0307603530989202e-17,5.440577760044901e-17,-1.8135259200149705e-17
1500,4500,1000,CO2,-2.6339484477356005e-18,0.0,-6.822611249782261e-17,2.2742037499274202e-17,-1.2554305348861102e-16,4.184768449620381e-17
1500,4500,1500,CO2,-2.6338707532056703e-18,0.0,-5.3250288961206204e-17,1.77500963204021e-17,-9.875084917147031e-17,3.291694972382341e-17
1500,4500,2000,CO2,-2.6337448404492104e-18,0.0,-3.6883467563120304e-17,1.2294489187706802e-17,-6.911974982379182e-17,2.30399166079306e-17
1500,4500,2500,CO2,-2.6335666590050406e-18,0.0,-2.2079695216945003e-17,7.35989840564835e-18,-4.198138724003661e-17,1.3993795746678902e-17
1500,4500,3000,CO2,-2.6333241799141804e-18,0.0,-9.49500221180317e-18,3.1650007372677208e-18,-1.8643206077054102e-17,6.2144020256847006e-18
1500,4500,3500,CO2,-2.6329981366365605e-18,0.0,9.868047242307402e-19,-3.2893490807691306e-19,9.92132436059678e-19,-3.3071081201989303e-19
1500,4500,4000,CO2,-2.63256345779482e-18,0.0,9.676375764047132e-18,-3.2254585880157104e-18,1.74094335967704e-17,-5.803144532256791e-18
1500,4500,4500,CO2,-2.6319919759087403e-18,0.0,1.6892863240609403e-17,-5.630954413536481e-18,3.1139619610662304e-17,-1.03798732035541e-17
1500,4500,5000,CO2,-2.6312560814138304e-18,0.0,2.2912560686788002e-17,-7.637520228929321e-18,4.2657177874509406e-17,-1.4219059291503103e-17
1500,5000,1000,CO2,-3.0450187364199402e-18,0.0,-6.677672741605171e-17,2.2258909138683902e-17,-1.3119873183487304e-16,4.373291061162451e-17
1500,5000,1500,CO2,-3.0448115799500104e-18,0.0,-5.297636684767961e-17,1.7658788949226504e-17,-1.0475998769895401e-16,3.491999589965151e-17
1500,5000,2000,CO2,-3.04448597076929e-18,0.0,-3.7915986121665504e-17,1.2638662040555202e-17,-7.562946943589441e-17,2.52098231452981e-17
1500,5000,2500,CO2,-3.0440433448789105e-18,0.0,-2.4315608078922005e-17,8.105202692974011e-18,-4.906172076608541e-17,1.6353906922028503e-17
1500,5000,3000,CO2,-3.0434699721344507e-18,0.0,-1.2771921994608203e-17,4.257307331536071e-18,-2.6310350165739603e-17,8.770116721913211e-18
1500,5000,3500,CO2,-3.0427414657449807e-18,0.0,-3.1710140361620002e-18,1.05700467872067e-18,-7.245896673380132e-18,2.4152988911267102e-18
1500,5000,4000,CO2,-3.0418271813243604e-18,0.0,4.7780497217072805e-18,-1.5926832405690902e-18,8.633642556145471e-18,-2.8778808520484904e-18
1500,5000,4500,CO2,-3.0406950556995708e-18,0.0,1.1372247098170002e-17,-3.79074903272334e-18,2.1867236770235802e-17,-7.289078923411942e-18
1500,5000,5000,CO2,-3.03931651197067e-18,0.0,1.6867827659392705e-17,-5.622609219797581e-18,3.2932091573485805e-17,-1.0977363857828602e-17
2000,1000,1000,CO2,1.4359169616087103e-18,0.0,-3.1629756656953506e-18,1.0543252218984502e-18,-2.82158985062159e-18,9.405299502071972e-19
2000,1000,1500,CO2,1.4359169616087103e-18,0.0,1.9483075530022502e-17,-6.4943585100075e-18,1.8406923056127204e-17,-6.1356410187090504e-18
2000,1000,2000,CO2,1.4359169616082301e-18,0.0,4.5306150599766903e-17,-1.5102050199922303e-17,4.359860150597241e-17,-1.4532867168657503e-17
2000,1000,2500,CO2,1.4359169615136102e-18,0.0,6.98341291889561e-17,-2.32780430629854e-17,6.857056645974141e-17,-2.2856855486580505e-17
2000,1000,3000,CO2,1.4359169582587102e-18,0.0,9.176629433423231e-17,-3.0588764778077405e-17,9.182623930068312e-17,-3.0608746433561e-17
2000,1000,3500,CO2,1.4359169188063401e-18,0.0,1.1097393621147703e-16,-3.6991312070492504e-17,1.12962938486204e-16,-3.765431282873461e-17
2000,1000,4000,CO2,1.4359166737822302e-18,0.0,1.2769871924711e-16,-4.256623974903681e-17,1.31991393002941e-16,-4.39971310009803e-17
2000,1000,4500,CO2,1.4359157032183703e-18,0.0,1.4226769415418604e-16,-4.7422564718061904e-17,1.4906861601648702e-16,-4.96895386721623e-17
2000,1000,5000,CO2,1.4359128946827701e-18,0.0,1.54997134731312e-16,-5.166571157710411e-17,1.6439242090496304e-16,-5.479747363498781e-17
2000,1500,1000,CO2,7.148231182392371e-19,0.0,-2.6251192569262406e-17,8.750397523087452e-18,-2.8356605497287605e-17,9.452201832429202e-18
2000,1500,1500,CO2,7.14823118239192e-19,0.0,-3.0778296141009204e-18,1.0259432047003102e-18,-3.2821701825693004e-18,1.0940567275231002e-18
2000,1500,2000,CO2,7.148231182353521e-19,0.0,2.2882556974699505e-17,-7.627518991566501e-18,2.5706026520703505e-17,-8.56867550690118e-18
2000,1500,2500,CO2,7.14823117966057e-19,0.0,4.703984076149621e-17,-1.5679946920498702e-17,5.3612504830558405e-17,-1.7870834943519502e-17
2000,1500,3000,CO2,7.1482311205309505e-19,0.0,6.818389279886371e-17,-2.2727964266287903e-17,7.884756552218841e-17,-2.6282521840729504e-17
2000,1500,3500,CO2,7.148230565309201e-19,0.0,8.63093676705834e-17,-2.876978922352781e-17,1.0113891710245501e-16,-3.3712972367485103e-17
2000,1500,4000,CO2,7.148227640905901e-19,0.0,1.0176205668013601e-16,-3.392068556004531e-17,1.2066681027055703e-16,-4.0222270090185803e-17
2000,1500,4500,CO2,7.14821731232657e-19,0.0,1.1494641548967402e-16,-3.83154718298913e-17,1.3774136660796e-16,-4.5913788869320104e-17
2000,1500,5000,CO2,7.148189835361731e-19,0.0,1.2623356559845802e-16,-4.207785519948591e-17,1.52685131309133e-16,-5.089504376971091e-17
2000,2000,1000,CO2,-0.0,0.0,-4.679583213319771e-17,1.5598610711065903e-17,-5.849103082751371e-17,1.9497010275837904e-17
2000,2000,1500,CO2,-0.0,0.0,-2.4606616885126204e-17,8.202205628375391e-18,-3.1107627467718305e-17,1.0369209155906102e-17
2000,2000,2000,CO2,-0.0,0.0,-0.0,-0.0,-0.0,-0.0
2000,2000,2500,CO2,-0.0,0.0,2.2629015151630504e-17,-7.543005050543501e-18,2.93607407044155e-17,-9.786913568138511e-18
2000,2000,3000,CO2,-0.0,0.0,4.219321602802051e-17,-1.40644053426735e-17,5.538488467594671e-17,-1.8461628225315603e-17
2000,2000,3500,CO2,-0.0,0.0,5.875846778976581e-17,-1.95861559299219e-17,7.792874133208191e-17,-2.5976247110694003e-17
2000,2000,4000,CO2,-0.0,0.0,7.27092644191898e-17,-2.4236421473063305e-17,9.730930111790951e-17,-3.24364337059698e-17
2000,2000,4500,CO2,-0.0,0.0,8.44693948729214e-17,-2.8156464957640505e-17,1.13950349593752e-16,-3.7983449864584e-17
2000,2000,5000,CO2,-0.0,0.0,9.441809700989012e-17,-3.14726990032967e-17,1.2826177347229701e-16,-4.2753924490765505e-17
2000,2500,1000,CO2,-6.982559513911221e-19,0.0,-6.06086470067922e-17,2.0202882335597405e-17,-8.554994335447041e-17,2.8516647784823504e-17
2000,2500,1500,CO2,-6.982559433437052e-19,0.0,-3.9951721626880004e-17,1.3317240542293301e-17,-5.694343897189031e-17,1.89811463239634e-17
2000,2500,2000,CO2,-6.982559231672911e-19,0.0,-1.7185940460778202e-17,5.728646820259391e-18,-2.4830952698116505e-17,8.276984232705491e-18
2000,2500,2500,CO2,-6.982558650442061e-19,0.0,3.6009852311476706e-18,-1.20032841038256e-18,5.07325395776791e-18,-1.6910846525893002e-18
2000,2500,3000,CO2,-6.98255660434332e-19,0.0,2.1440074270856302e-17,-7.146691423618781e-18,3.1220135026019904e-17,-1.0406711675340001e-17
2000,2500,3500,CO2,-6.98254936595913e-19,0.0,3.6433785673263605e-17,-1.2144595224421203e-17,5.357063775044351e-17,-1.7856879250147804e-17
2000,2500,4000,CO2,-6.982527454016871e-19,0.0,4.897010224606131e-17,-1.63233674153538e-17,7.253953069524691e-17,-2.4179843565082304e-17
2000,2500,4500,CO2,-6.98247268743249e-19,0.0,5.946347223455851e-17,-1.9821157411519505e-17,8.86266055474745e-17,-2.9542201849158204e-17
2000,2500,5000,CO2,-6.982357400999051e-19,0.0,6.827951858204271e-17,-2.2759839527347604e-17,1.0229714047497701e-16,-3.40990468249923e-17
2000,3000,1000,CO2,-1.3773537088192603e-18,0.0,-6.84198132023134e-17,2.2806604400771102e-17,-1.0695105840969301e-16,3.5650352803230905e-17
2000,3000,1500,CO2,-1.3773533817526004e-18,0.0,-4.943238252848531e-17,1.6477460842828402e-17,-7.78814899213002e-17,2.5960496640433403e-17
2000,3000,2000,CO2,-1.3773527211511801e-18,0.0,-2.85902958918572e-17,9.530098630619051e-18,-4.5520806431277303e-17,1.5173602143759102e-17
2000,3000,2500,CO2,-1.3773514226719503e-18,0.0,-9.646700119819651e-18,3.2155667066065505e-18,-1.56681742032934e-17,5.222724734431131e-18
2000,3000,3000,CO2,-1.3773486724710802e-18,0.0,6.534744063413391e-18,-2.1782480211378e-18,1.0186174860924402e-17,-3.3953916203081305e-18
2000,3000,3500,CO2,-1.3773425414791502e-18,0.0,2.00731248415906e-17,-6.691041613863531e-18,3.2082797862021603e-17,-1.0694265954007201e-17
2000,3000,4000,CO2,-1.37732922679423e-18,0.0,3.1342796505282504e-17,-1.0447598835094201e-17,5.050187384835541e-17,-1.68339579494518e-17
2000,3000,4500,CO2,-1.3773025987708002e-18,0.0,4.073615447105611e-17,-1.35787181570187e-17,6.59901732404229e-17,-2.1996724413474304e-17
2000,3000,5000,CO2,-1.3772544273969301e-18,0.0,4.859625870457181e-17,-1.6198752901523902e-17,7.904489863998191e-17,-2.6348299546660605e-17
2000,3500,1000,CO2,-2.0368594821155904e-18,0.0,-7.191536169872012e-17,2.39717872329067e-17,-1.2259218422620901e-16,4.0864061408736307e-17
2000,3500,1500,CO2,-2.03685560392425e-18,0.0,-5.45584514280192e-17,1.81861504760064e-17,-9.35879659952027e-17,3.11959886650676e-17
2000,3500,2000,CO2,-2.0368485770950004e-18,0.0,-3.5558039619777e-17,1.1852679873259002e-17,-6.149603947561441e-17,2.0498679825204802e-17
2000,3500,2500,CO2,-2.0368369324213102e-18,0.0,-1.8341262171344902e-17,6.1137540571149816e-18,-3.2093075226047903e-17,1.0697691742016e-17
2000,3500,3000,CO2,-2.0368174525928105e-18,0.0,-3.6800413814858704e-18,1.2266804604952902e-18,-6.802504253035941e-18,2.2675014176786503e-18
2000,3500,3500,CO2,-2.03678408840197e-18,0.0,8.550243150393011e-18,-2.8500810501310004e-18,1.4475049459602202e-17,-4.825016486534051e-18
2000,3500,4000,CO2,-2.0367270009332702e-18,0.0,1.8702766867756305e-17,-6.234255622585431e-18,3.2260792136298507e-17,-1.0753597378766201e-17
2000,3500,4500,CO2,-2.03663249119853e-18,0.0,2.7143139429489505e-17,-9.047713143163161e-18,4.712748162973241e-17,-1.5709160543244102e-17
2000,3500,5000,CO2,-2.0364841417021704e-18,0.0,3.41890522123592e-17,-1.1396350737453102e-17,5.958775863977302e-17,-1.9862586213257704e-17
2000,4000,1000,CO2,-2.6769524007138503e-18,0.0,-7.25659356381556e-17,2.4188645212718502e-17,-1.33264590154508e-16,4.442153005150281e-17
2000,4000,1500,CO2,-2.6769297095148804e-18,0.0,-5.672799643036491e-17,1.8909332143455004e-17,-1.0468719182113602e-16,3.4895730607045405e-17
2000,4000,2000,CO2,-2.6768911867242404e-18,0.0,-3.9423876211087605e-17,1.3141292070362501e-17,-7.321245361144891e-17,2.4404151203816303e-17
2000,4000,2500,CO2,-2.6768330886800105e-18,0.0,-2.3777704718669206e-17,7.925901572889742e-18,-4.4522553060354004e-17,1.4840851020118002e-17
2000,4000,3000,CO2,-2.6767473397705705e-18,0.0,-1.0481986379133803e-17,3.49399545971128e-18,-1.9971251518710704e-17,6.6570838395702405e-18
2000,4000,3500,CO2,-2.6766205354529907e-18,0.0,5.873769476639161e-19,-1.9579231588797202e-19,5.835394882009041e-19,-1.9451316273363503e-19
2000,4000,4000,CO2,-2.6764335683447203e-18,0.0,9.759740855350242e-18,-3.2532469517834105e-18,1.7686336119410903e-17,-5.895445373136971e-18
2000,4000,4500,CO2,-2.6761627301336106e-18,0.0,1.73730886722931e-17,-5.79102955743104e-18,3.19210756926392e-17,-1.06403585642131e-17
2000,4000,5000,CO2,-2.6757823037649007e-18,0.0,2.3719819353586003e-17,-7.906606451195331e-18,4.38044560199585e-17,-1.4601485339986204e-17
2000,4500,1000,CO2,-3.2977035480777303e-18,0.0,-7.143805674504561e-17,2.3812685581681903e-17,-1.3995523702931702e-16,4.665174567643911e-17
2000,4500,1500,CO2,-3.29761914162485e-18,0.0,-5.69823991137093e-17,1.8994133037903103e-17,-1.12045214559915e-16,3.7348404853305007e-17
2000,4500,2000,CO2,-3.2974819178243005e-18,0.0,-4.12109096423482e-17,1.3736969880782703e-17,-8.141521396317111e-17,2.71384046543904e-17
2000,4500,2500,CO2,-3.2972868881819307e-18,0.0,-2.6972531574963005e-17,8.990843858321011e-18,-5.3605878460980704e-17,1.7868626153660204e-17
2000,4500,3000,CO2,-3.2970200034697805e-18,0.0,-1.4891044255129603e-17,4.96368141837653e-18,-2.9901277080750006e-17,9.967092360250001e-18
2000,4500,3500,CO2,-3.2966587522429304e-18,0.0,-4.84608559084312e-18,1.6153618636143702e-18,-1.0128789172428102e-17,3.3762630574760202e-18
2000,4500,4000,CO2,-3.2961736119737404e-18,0.0,3.4677124241915006e-18,-1.1559041413971702e-18,6.266742622125241e-18,-2.0889142073750805e-18
2000,4500,4500,CO2,-3.2955310918313906e-18,0.0,1.0361706464703001e-17,-3.4539021549010104e-18,1.98701273567438e-17,-6.623375785581281e-18
2000,4500,5000,CO2,-3.2946980050746e-18,0.0,1.61043718401619e-17,-5.368123946720651e-18,3.1194354345077705e-17,-1.0398118115025902e-17
2000,5000,1000,CO2,-3.89864588231989e-18,0.0,-6.925668653894261e-17,2.30855621796475e-17,-1.4358607161547701e-16,4.7862023871825807e-17
2000,5000,1500,CO2,-3.898415325573841e-18,0.0,-5.60432422491553e-17,1.8681080749718403e-17,-1.1649601831609302e-16,3.883200610536451e-17
2000,5000,2000,CO2,-3.89805189245526e-18,0.0,-4.1642433288359606e-17,1.38808110961199e-17,-8.685067634327242e-17,2.89502254477575e-17
2000,5000,2500,CO2,-3.897555971798561e-18,0.0,-2.86563073629114e-17,9.552102454303791e-18,-6.00199001111205e-17,2.0006633370373502e-17
2000,5000,3000,CO2,-3.8969105295258e-18,0.0,-1.7649075964458102e-17,5.88302532148602e-18,-3.7219754639497806e-17,1.2406584879832602e-17
2000,5000,3500,CO2,-3.896085915105541e-18,0.0,-8.50572056142647e-18,2.8352401871421604e-18,-1.82562329024385e-17,6.0854109674795004e-18
2000,5000,4000,CO2,-3.8950447316885406e-18,0.0,-9.438219759766002e-19,3.1460732532553305e-19,-2.5724976867205205e-18,8.574992289068401e-19
2000,5000,4500,CO2,-3.893747454576231e-18,0.0,5.3231614292799e-18,-1.7743871430933e-18,1.0410053957256802e-17,-3.4700179857522504e-18
2000,5000,5000,CO2,-3.89215832490918e-18,0.0,1.0541669194843001e-17,-3.51388973161434e-18,2.1195490955397103e-17,-7.065163651799042e-18
2500,1000,1000,CO2,2.9865622643920403e-18,0.0,-4.3014269124780604e-18,1.4338089708260202e-18,-4.191724003932251e-18,1.3972413346440803e-18
2500,1000,1500,CO2,2.9865622643920403e-18,0.0,2.0600756986075902e-17,-6.8669189953586205e-18,2.1252642784544405e-17,-7.084214261514811e-18
2500,1000,2000,CO2,2.9865622643910604e-18,0.0,4.877707898029411e-17,-1.6259026326764703e-17,5.1022069144433206e-17,-1.7007356381477702e-17
2500,1000,2500,CO2,2.9865622641981504e-18,0.0,7.52980783225725e-17,-2.5099359440857506e-17,8.00589568679139e-17,-2.6686318955971304e-17
2500,1000,3000,CO2,2.9865622575439407e-18,0.0,9.878617275231551e-17,-3.2928724250771807e-17,1.0665654467655101e-16,-3.5552181558850305e-17
2500,1000,3500,CO2,2.9865621767512207e-18,0.0,1.19157378861127e-16,-3.9719126287042404e-17,1.3043916392975602e-16,-4.347972130991861e-17
2500,1000,4000,CO2,2.9865616744062106e-18,0.0,1.3672354066991003e-16,-4.5574513556636505e-17,1.5151147969015802e-16,-5.0503826563385905e-17
2500,1000,4500,CO2,2.9865596829648004e-18,0.0,1.51877829929004e-16,-5.0625943309667906e-17,1.7013245239530602e-16,-5.67108174651022e-17
2500,1000,5000,CO2,2.9865539168601004e-18,0.0,1.6499151657614004e-16,-5.499717219204671e-17,1.8659148061709403e-16,-6.219716020569791e-17
2500,1500,1000,CO2,1.96226135983686e-18,0.0,-2.9635543962676e-17,9.878514654225332e-18,-3.49842745606575e-17,1.1661424853552502e-17
2500,1500,1500,CO2,1.9622613598367504e-18,0.0,-5.293612813991411e-18,1.7645376046638003e-18,-6.157084646412451e-18,2.0523615488041505e-18
2500,1500,2000,CO2,1.96226135982692e-18,0.0,2.18197625666075e-17,-7.27325418886916e-18,2.6744733373789503e-17,-8.91491112459651e-18
2500,1500,2500,CO2,1.9622613591218205e-18,0.0,4.687957962663631e-17,-1.56265265422121e-17,5.79559859527995e-17,-1.9318661984266504e-17
2500,1500,3000,CO2,1.96226134349883e-18,0.0,6.865616197842561e-17,-2.2885387326141903e-17,8.575402254869591e-17,-2.8584674182898605e-17
2500,1500,3500,CO2,1.9622611960733302e-18,0.0,8.718654243785471e-17,-2.9062180812618203e-17,1.0994088641756301e-16,-3.664696213918781e-17
2500,1500,4000,CO2,1.9622604171363102e-18,0.0,1.0286681596607102e-16,-3.42889386553571e-17,1.3081630191941802e-16,-4.3605433973139504e-17
2500,1500,4500,CO2,1.96225766010261e-18,0.0,1.1614487132046402e-16,-3.871495710682121e-17,1.4880406176803e-16,-4.960135392267661e-17
2500,1500,5000,CO2,1.9622503140613803e-18,0.0,1.27426040613035e-16,-4.2475346871011706e-17,1.6432182047893402e-16,-5.477394015964461e-17
2500,2000,1000,CO2,9.62380963080128e-19,0.0,-5.0671248026739303e-17,1.6890416008913104e-17,-6.877538019174751e-17,2.2925126730582503e-17
2500,2000,1500,CO2,9.623809629887283e-19,0.0,-2.80319632902568e-17,9.34398776341892e-18,-3.83059772684822e-17,1.2768659089494101e-17
2500,2000,2000,CO2,9.623809625571632e-19,0.0,-3.0353624328810605e-18,1.0117874776270202e-18,-4.07481869225134e-18,1.3582728974171101e-18
2500,2000,2500,CO2,9.623809586591291e-19,0.0,1.9834488510139304e-17,-6.611496170046441e-18,2.7823658029165204e-17,-9.274552676388401e-18
2500,2000,3000,CO2,9.62380921525331e-19,0.0,3.9499213160451804e-17,-1.3166404386817301e-17,5.572518530064081e-17,-1.8575061766880302e-17
2500,2000,3500,CO2,9.62380685820503e-19,0.0,5.60565756414655e-17,-1.8685525213821802e-17,7.957745602989271e-17,-2.6525818676630904e-17
2500,2000,4000,CO2,9.623796923666102e-19,0.0,6.992179389432051e-17,-2.3307264631440203e-17,9.981608794057632e-17,-3.32720293135254e-17
2500,2000,4500,CO2,9.623766527552792e-19,0.0,8.154288977744892e-17,-2.7180963259149603e-17,1.1697052604881802e-16,-3.89901753496059e-17
2500,2000,5000,CO2,9.623693364419021e-19,0.0,9.13169876431196e-17,-3.0438995881039903e-17,1.31535433191966e-16,-4.3845144397322107e-17
2500,2500,1000,CO2,-0.0,0.0,-6.397124788769351e-17,2.1323749295897802e-17,-9.720124555685841e-17,3.2400415185619507e-17
2500,2500,1500,CO2,-0.0,0.0,-4.3317584000489004e-17,1.4439194666829703e-17,-6.620748318734191e-17,2.2069161062447303e-17
2500,2500,2000,CO2,-0.0,0.0,-2.0631965278519002e-17,6.877321759506331e-18,-3.17441840766551e-17,1.0581394692218401e-17
2500,2500,2500,CO2,-0.0,0.0,-0.0,-0.0,-0.0,-0.0
2500,2500,3000,CO2,-0.0,0.0,1.76322171031345e-17,-5.8774057010448205e-18,2.7443010262426804e-17,-9.147670087475581e-18
2500,2500,3500,CO2,-0.0,0.0,3.23889758094137e-17,-1.0796325269804602e-17,5.0637387782606606e-17,-1.68791292608689e-17
2500,2500,4000,CO2,-0.0,0.0,4.4674232352759306e-17,-1.48914107842531e-17,7.010340801314821e-17,-2.3367802671049403e-17
2500,2500,4500,CO2,-0.0,0.0,5.4913058213433106e-17,-1.8304352737811003e-17,8.64305716397422e-17,-2.88101905465807e-17
2500,2500,5000,CO2,-0.0,0.0,6.347779579988361e-17,-2.1159265266627906e-17,1.0015384416279501e-16,-3.3384614720931605e-17
2500,3000,1000,CO2,-9.22886586141227e-19,0.0,-7.09248915899525e-17,2.3641630529984203e-17,-1.1827233785813003e-16,3.942411261937661e-17
2500,3000,1500,CO2,-9.22886397995986e-19,0.0,-5.2222098976288805e-17,1.7407366325429603e-17,-8.74719165850429e-17,2.9157305528347603e-17
2500,3000,2000,CO2,-9.22886015861672e-19,0.0,-3.1746715969095905e-17,1.0582238656365303e-17,-5.346274435896061e-17,1.78209147863202e-17
2500,3000,2500,CO2,-9.228852573687432e-19,0.0,-1.3193701697491503e-17,4.397900565830501e-18,-2.2381642935249604e-17,7.46054764508319e-18
2500,3000,3000,CO2,-9.22883627262153e-19,0.0,2.6030087582004005e-18,-8.676695860668002e-19,4.2778903181461606e-18,-1.4259634393820501e-18
2500,3000,3500,CO2,-9.228799333395462e-19,0.0,1.57764459481564e-17,-5.258815316052131e-18,2.6640404216913102e-17,-8.880134738971041e-18
2500,3000,4000,CO2,-9.22871796558367e-19,0.0,2.6706671987218603e-17,-8.902223995739531e-18,4.52741787847047e-17,-1.5091392928234903e-17
2500,3000,4500,CO2,-9.228553475287802e-19,0.0,3.5787583675235605e-17,-1.19291945584119e-17,6.079781021833801e-17,-2.0265936739446002e-17
2500,3000,5000,CO2,-9.228253550572781e-19,0.0,4.33616515957261e-17,-1.4453883865242002e-17,7.37625730467141e-17,-2.4587524348904704e-17
2500,3500,1000,CO2,-1.8072167142179802e-18,0.0,-7.354424840223921e-17,2.4514749467413103e-17,-1.32592703620067e-16,4.4197567873355605e-17
2500,3500,1500,CO2,-1.80721375678168e-18,0.0,-5.66433269967406e-17,1.8881108998913502e-17,-1.0244117795761401e-16,3.4147059319204605e-17
2500,3500,2000,CO2,-1.80720837554104e-18,0.0,-3.81809257256133e-17,1.2726975241871101e-17,-6.93138368670969e-17,2.3104612289032303e-17
2500,3500,2500,CO2,-1.8071993986885605e-18,0.0,-2.1492144320368302e-17,7.164048106789431e-18,-3.92055470694396e-17,1.3068515689813201e-17
2500,3500,3000,CO2,-1.8071842384528604e-18,0.0,-7.316151242459681e-18,2.4387170808198903e-18,-1.3521405805088702e-17,4.5071352683629006e-18
2500,3500,3500,CO2,-1.8071579683587802e-18,0.0,4.479824314085441e-18,-1.4932747713618102e-18,7.911345971592162e-18,-2.6371153238640505e-18
2500,3500,4000,CO2,-1.8071124811949302e-18,0.0,1.4247745053816e-17,-4.749248351272e-18,2.5684174130074804e-17,-8.561391376691602e-18
2500,3500,4500,CO2,-1.80703637834862e-18,0.0,2.2348759642233602e-17,-7.449586547411211e-18,4.042452139001661e-17,-1.3474840463338902e-17
2500,3500,5000,CO2,-1.80691588760008e-18,0.0,2.9095290034191905e-17,-9.698430011397291e-18,5.268469561905011e-17,-1.7561565206350002e-17
2500,4000,1000,CO2,-2.6546884601823402e-18,0.0,-7.3426103626427e-17,2.4475367875475704e-17,-1.4147402396882e-16,4.715800798960681e-17
2500,4000,1500,CO2,-2.6546690936132704e-18,0.0,-5.814486365450701e-17,1.9381621218169004e-17,-1.1225132146912703e-16,3.74171071563755e-17
2500,4000,2000,CO2,-2.6546360989984004e-18,0.0,-4.147701261296551e-17,1.3825670870988502e-17,-8.02625282729303e-17,2.6754176090976803e-17
2500,4000,2500,CO2,-2.6545860830201904e-18,0.0,-2.6434956618842504e-17,8.81165220628085e-18,-5.130663295465431e-17,1.71022109848848e-17
2500,4000,3000,CO2,-2.65451174761839e-18,0.0,-1.3677511023292601e-17,4.559170341097531e-18,-2.6703253179202005e-17,8.90108439306734e-18
2500,4000,3500,CO2,-2.6544008756329304e-18,0.0,-3.0765755728654705e-18,1.0255251909551603e-18,-6.248153412694881e-18,2.0827178042316303e-18
2500,4000,4000,CO2,-2.6542358697234505e-18,0.0,5.691414513786761e-18,-1.8971381712622503e-18,1.0656856990983001e-17,-3.552285663661011e-18
2500,4000,4500,CO2,-2.6539946762712007e-18,0.0,1.2956161117276903e-17,-4.318720372425621e-18,2.4635053995824704e-17,-8.211684665274881e-18
2500,4000,5000,CO2,-2.6536531487084502e-18,0.0,1.9001861283378604e-17,-6.333953761126211e-18,3.623020493590991e-17,-1.2076734978636602e-17
2500,4500,1000,CO2,-3.4668511020526605e-18,0.0,-7.166956597285771e-17,2.3889855324285905e-17,-1.4623063099209802e-16,4.87435436640327e-17
2500,4500,1500,CO2,-3.4667746205487605e-18,0.0,-5.782573256531591e-17,1.9275244188438604e-17,-1.1809794335896802e-16,3.93659811196561e-17
2500,4500,2000,CO2,-3.4666498949647905e-18,0.0,-4.2742100046592606e-17,1.42473666821975e-17,-8.738918764087461e-17,2.9129729213624805e-17
2500,4500,2500,CO2,-3.4664718689127907e-18,0.0,-2.91452756226581e-17,9.715091874219371e-18,-5.967739616272891e-17,1.98924653875763e-17
2500,4500,3000,CO2,-3.4662268954193805e-18,0.0,-1.76255847160135e-17,5.875194905337851e-18,-3.6200919734883506e-17,1.2066973244961202e-17
2500,4500,3500,CO2,-3.4658930664477606e-18,0.0,-8.061601400145531e-18,2.6872004667151804e-18,-1.6735737003939003e-17,5.5785790013130004e-18
2500,4500,4000,CO2,-3.4654414057203006e-18,0.0,-1.56718195290572e-19,5.223939843019061e-20,-6.877101592763872e-19,2.2923671975879603e-19
2500,4500,4500,CO2,-3.4648387069726603e-18,0.0,6.389757833566511e-18,-2.1299192778555005e-18,1.2554053806596002e-17,-4.18468460219867e-18
2500,4500,5000,CO2,-3.4640516965193105e-18,0.0,1.1836324765676301e-17,-3.9454415885587805e-18,2.3518914670229403e-17,-7.83963822340982e-18
2500,5000,1000,CO2,-4.244602593016531e-18,0.0,-6.899378182708711e-17,2.29979272756957e-17,-1.4797199984250902e-16,4.9323999947503107e-17
2500,5000,1500,CO2,-4.2443859169499505e-18,0.0,-5.641781916388141e-17,1.88059397212938e-17,-1.2100969480246203e-16,4.033656493415411e-17
2500,5000,2000,CO2,-4.244043399818361e-18,0.0,-4.2726570439099407e-17,1.4242190146366502e-17,-9.164406804290382e-17,3.0548022680967906e-17
2500,5000,2500,CO2,-4.243574262571901e-18,0.0,-3.0394965154079904e-17,1.013165505136e-17,-6.520802686730291e-17,2.1736008955767604e-17
2500,5000,3000,CO2,-4.242960797421351e-18,0.0,-1.9954644913047503e-17,6.651548304349181e-18,-4.2863506646997004e-17,1.4287835548999003e-17
2500,5000,3500,CO2,-4.24217265289418e-18,0.0,-1.12915931729015e-17,3.763864390967151e-18,-2.4374877487797803e-17,8.12495916259928e-18
2500,5000,4000,CO2,-4.24117135925384e-18,0.0,-4.1340218454827405e-18,1.3780072818275803e-18,-9.15899020837363e-18,3.05299673612455e-18
2500,5000,4500,CO2,-4.239915826378831e-18,0.0,1.7925297037730202e-18,-5.97509901257674e-19,3.3776373868457103e-18,-1.12587912894857e-18
2500,5000,5000,CO2,-4.238368322036991e-18,0.0,6.7235159208895706e-18,-2.24117197362986e-18,1.3746522839936401e-17,-4.5821742799787906e-18
3000,1000,1000,CO2,5.08849735724855e-18,0.0,-5.197588831711741e-18,1.7325296105705802e-18,-5.434894449208811e-18,1.8116314830696002e-18
3000,1000,1500,CO2,5.088497357248541e-18,0.0,2.1333981696674902e-17,-7.111327232224951e-18,2.3603962744446e-17,-7.867987581481981e-18
3000,1000,2000,CO2,5.088497357246931e-18,0.0,5.116368229451991e-17,-1.705456076484e-17,5.718758608475831e-17,-1.90625286949194e-17
3000,1000,2500,CO2,5.088497356925171e-18,0.0,7.90312450716887e-17,-2.6343748357229603e-17,8.951295680979561e-17,-2.98376522699319e-17
3000,1000,3000,CO2,5.088497345793931e-18,0.0,1.0351631137796902e-16,-3.450543712598951e-17,1.1872047305815402e-16,-3.9573491019384706e-17
3000,1000,3500,CO2,5.08849721040151e-18,0.0,1.2458010444483902e-16,-4.152670148161311e-17,1.4448390455032201e-16,-4.8161301516774007e-17
3000,1000,4000,CO2,5.08849636756512e-18,0.0,1.4259500256392401e-16,-4.7531667521307904e-17,1.6700798080181303e-16,-5.566932693393761e-17
3000,1000,4500,CO2,5.08849302348417e-18,0.0,1.5800876099310003e-16,-5.2669586997700104e-17,1.8665221051238203e-16,-6.22174035041274e-17
3000,1000,5000,CO2,5.088483334811351e-18,0.0,1.7123689686513302e-16,-5.707896562171111e-17,2.0379285549998205e-16,-6.793095183332751e-17
3000,1500,1000,CO2,3.7246944756552605e-18,0.0,-3.1912635598798704e-17,1.0637545199599602e-17,-4.035782939037871e-17,1.3452609796792902e-17
3000,1500,1500,CO2,3.724694475655081e-18,0.0,-6.900352560283321e-18,2.30011752009444e-18,-8.58345654963155e-18,2.8611521832105203e-18
3000,1500,2000,CO2,3.724694475637721e-18,0.0,2.0830817931523104e-17,-6.943605977174381e-18,2.7317592357818303e-17,-9.10586411927278e-18
3000,1500,2500,CO2,3.72469447436365e-18,0.0,4.632108281286501e-17,-1.5440360937621704e-17,6.0979266783522e-17,-2.0326422261174002e-17
3000,1500,3000,CO2,3.7246944458741905e-18,0.0,6.834185706739281e-17,-2.27806190224643e-17,9.059877484614331e-17,-3.01995916153811e-17
3000,1500,3500,CO2,3.724694175673921e-18,0.0,8.696671249030002e-17,-2.89889041634333e-17,1.1605912025348e-16,-3.86863734178268e-17
3000,1500,4000,CO2,3.724692743443631e-18,0.0,1.0262980485665402e-16,-3.4209934952218003e-17,1.3776998331204402e-16,-4.592332777068121e-17
3000,1500,4500,CO2,3.72468766279034e-18,0.0,1.1581023697261903e-16,-3.86034123242063e-17,1.5625478957240702e-16,-5.20849298574689e-17
3000,1500,5000,CO2,3.724674103456281e-18,0.0,1.26937085559722e-16,-4.2312361853240804e-17,1.7201209725465e-16,-5.733736575155001e-17
3000,2000,1000,CO2,2.4148544366997102e-18,0.0,-5.287885962294811e-17,1.76262865409827e-17,-7.64125857565929e-17,2.5470861918864305e-17
3000,2000,1500,CO2,2.4148544365026802e-18,0.0,-3.0145808421320503e-17,1.00486028071068e-17,-4.3719818130288006e-17,1.4573272710096e-17
3000,2000,2000,CO2,2.4148544355528906e-18,0.0,-5.133260508034621e-18,1.7110868360115402e-18,-7.30338308827469e-18,2.4344610294249002e-18
3000,2000,2500,CO2,2.4148544266498904e-18,0.0,1.7656648355233603e-17,-5.885549451744541e-18,2.6297625719439302e-17,-8.765875239813112e-18
3000,2000,3000,CO2,2.4148543397539704e-18,0.0,3.7166200221392607e-17,-1.2388733407130901e-17,5.538723172552641e-17,-1.8462410575175504e-17
3000,2000,3500,CO2,2.41485378131955e-18,0.0,5.3518225518466607e-17,-1.78394085061555e-17,7.999880476683032e-17,-2.6666268255610105e-17
3000,2000,4000,CO2,2.4148514108711503e-18,0.0,6.714805353789591e-17,-2.2382684512632e-17,1.0066722956033801e-16,-3.35557431867793e-17
3000,2000,4500,CO2,2.4148441250028302e-18,0.0,7.85180319654836e-17,-2.6172677321827904e-17,1.180066936512e-16,-3.9335564550399906e-17
3000,2000,5000,CO2,2.41482653220966e-18,0.0,8.803500256842881e-17,-2.93450008561429e-17,1.3257792497778102e-16,-4.419264165926021e-17
3000,2500,1000,CO2,1.1733856811063502e-18,0.0,-6.545702622615911e-17,2.1819008742053002e-17,-1.0509636588492501e-16,3.5032121961641603e-17
3000,2500,1500,CO2,1.1733856711532301e-18,0.0,-4.504763910579931e-17,1.5015879701933102e-17,-7.255636844283761e-17,2.4185456147612504e-17
3000,2500,2000,CO2,1.1733856457643503e-18,0.0,-2.26908400615385e-17,7.563613353846162e-18,-3.6633881462367205e-17,1.2211293820789102e-17
3000,2500,2500,CO2,1.1733855699768002e-18,0.0,-2.42255886149137e-18,8.075196204971242e-19,-3.8202192418425405e-18,1.2734064139475101e-18
3000,2500,3000,CO2,1.17338529024339e-18,0.0,1.4840413397014303e-17,-4.94680446567142e-18,2.4302701683315005e-17,-8.10090056110499e-18
3000,2500,3500,CO2,1.1733842618508302e-18,0.0,2.92382113896408e-17,-9.746070463213602e-18,4.786597240045121e-17,-1.59553241334837e-17
3000,2500,4000,CO2,1.17338106921693e-18,0.0,4.11826712053048e-17,-1.3727557068434902e-17,6.74714777505051e-17,-2.2490492583501704e-17
3000,2500,4500,CO2,1.17337295804028e-18,0.0,5.110223920937721e-17,-1.70340797364591e-17,8.377505169230081e-17,-2.79250172307669e-17
3000,2500,5000,CO2,1.1733556926882502e-18,0.0,5.93701548927808e-17,-1.9790051630926904e-17,9.736152046956532e-17,-3.2453840156521807e-17
3000,3000,1000,CO2,-0.0,0.0,-7.15641621122128e-17,2.3854720704070902e-17,-1.2516192700209601e-16,4.172064233403201e-17
3000,3000,1500,CO2,-0.0,0.0,-5.330045360788821e-17,1.7766817869296102e-17,-9.340525606135272e-17,3.1135085353784206e-17
3000,3000,2000,CO2,-0.0,0.0,-3.334835390082251e-17,1.1116117966940802e-17,-5.855487147388211e-17,1.9518290491294e-17
3000,3000,2500,CO2,-0.0,0.0,-1.5314489077288903e-17,5.104829692429621e-18,-2.6929176282670004e-17,8.976392094223342e-18
3000,3000,3000,CO2,-0.0,0.0,-0.0,-0.0,-0.0,-0.0
3000,3000,3500,CO2,-0.0,0.0,1.2737372801085602e-17,-4.245790933695201e-18,2.2424576437295502e-17,-7.474858812431842e-18
3000,3000,4000,CO2,-0.0,0.0,2.3277639257262303e-17,-7.759213085754101e-18,4.097598882320361e-17,-1.3658662941067902e-17
3000,3000,4500,CO2,-0.0,0.0,3.20112219801997e-17,-1.0670407326733201e-17,5.632150644153961e-17,-1.8773835480513205e-17
3000,3000,5000,CO2,-0.0,0.0,3.92761026277298e-17,-1.3092034209243301e-17,6.90474545196727e-17,-2.3015818173224204e-17
3000,3500,1000,CO2,-1.1091035575857502e-18,0.0,-7.342834742310441e-17,2.4476115807701504e-17,-1.3787127235334701e-16,4.5957090784449e-17
3000,3500,1500,CO2,-1.10910199941395e-18,0.0,-5.70745903698815e-17,1.9024863456627204e-17,-1.0725811602127101e-16,3.575270534042351e-17
3000,3500,2000,CO2,-1.1090991527621501e-18,0.0,-3.9240377060771e-17,1.3080125686923702e-17,-7.380077014757541e-17,2.4600256715858503e-17
3000,3500,2500,CO2,-1.1090943735857802e-18,0.0,-2.3151266631595502e-17,7.717088877198491e-18,-4.3575803730832604e-17,1.4525267910277504e-17
3000,3500,3000,CO2,-1.10908622696497e-18,0.0,-9.512722293728322e-18,3.1709074312427707e-18,-1.79517882006757e-17,5.9839294002252506e-18
3000,3500,3500,CO2,-1.1090719465507501e-18,0.0,1.81267727273843e-18,-6.042257575794761e-19,3.2996306700686705e-18,-1.0998768900228902e-18
3000,3500,4000,CO2,-1.1090469259089502e-18,0.0,1.1171817337277602e-17,-3.723939112425861e-18,2.0816214184362702e-17,-6.938738061454221e-18
3000,3500,4500,CO2,-1.1090046245716802e-18,0.0,1.8918184662504703e-17,-6.306061554168241e-18,3.525861408179421e-17,-1.1752871360598102e-17
3000,3500,5000,CO2,-1.10893707528404e-18,0.0,2.5356499521911103e-17,-8.452166507303722e-18,4.720156258058441e-17,-1.5733854193528103e-17
3000,4000,1000,CO2,-2.15840367681608e-18,0.0,-7.27065598345791e-17,2.42355199448597e-17,-1.4495515818342102e-16,4.8318386061140403e-17
3000,4000,1500,CO2,-2.1583901467479804e-18,0.0,-5.80274412685397e-17,1.9342480422846604e-17,-1.15675545614366e-16,3.8558515204788606e-17
3000,4000,2000,CO2,-2.1583670179445806e-18,0.0,-4.2038453697278407e-17,1.4012817899092802e-17,-8.377128969416911e-17,2.79237632313897e-17
3000,4000,2500,CO2,-2.1583317836872004e-18,0.0,-2.7631853219657504e-17,9.21061773988584e-18,-5.504238625752811e-17,1.83474620858427e-17
3000,4000,3000,CO2,-2.15827906005747e-18,0.0,-1.54331734846144e-17,5.144391161538151e-18,-3.0761602112133906e-17,1.0253867370711302e-17
3000,4000,3500,CO2,-2.1581997536457106e-18,0.0,-5.312791831576661e-18,1.77093061052555e-18,-1.0680074383376402e-17,3.56002479445882e-18
3000,4000,4000,CO2,-2.1580806268982105e-18,0.0,3.04466397459547e-18,-1.0148879915318202e-18,5.83214837336817e-18,-1.9440494577893903e-18
3000,4000,4500,CO2,-2.15790492236323e-18,0.0,9.958749750080502e-18,-3.3195832500268303e-18,1.9418574807415903e-17,-6.472858269138621e-18
3000,4000,5000,CO2,-2.1576541201559603e-18,0.0,1.5704116232504002e-17,-5.2347054108346505e-18,3.06349906398825e-17,-1.0211663546627501e-17
3000,4500,1000,CO2,-3.1520065516694504e-18,0.0,-7.049557077748802e-17,2.3498523592496e-17,-1.4795910187451402e-16,4.9319700624838004e-17
3000,4500,1500,CO2,-3.1519467416829405e-18,0.0,-5.727606646530521e-17,1.90920221551017e-17,-1.2009506467233402e-16,4.0031688224111305e-17
3000,4500,2000,CO2,-3.1518489137378204e-18,0.0,-4.288888797996981e-17,1.4296295993323302e-17,-8.980189734724381e-17,2.9933965782414606e-17
3000,4500,2500,CO2,-3.15170870123873e-18,0.0,-2.99363687652257e-17,9.978789588408561e-18,-6.258941131368011e-17,2.0863137104560003e-17
3000,4500,3000,CO2,-3.15151471078322e-18,0.0,-1.8976665054668103e-17,6.325555018222711e-18,-3.964198916145051e-17,1.3213996387150201e-17
3000,4500,3500,CO2,-3.1512485968819707e-18,0.0,-9.888952243656632e-18,3.29631741455221e-18,-2.07006611573204e-17,6.900220385773471e-18
3000,4500,4000,CO2,-3.1508858795137004e-18,0.0,-2.3866818712937304e-18,7.955606237645751e-19,-5.1516900909131706e-18,1.7172300303043904e-18
3000,4500,4500,CO2,-3.1503982165120105e-18,0.0,3.81929982737636e-18,-1.2730999424587904e-18,7.62541046991412e-18,-2.54180348997137e-18
3000,4500,5000,CO2,-3.14975689335208e-18,0.0,8.97696471000397e-18,-2.99232157000132e-18,1.8163606955909602e-17,-6.054535651969881e-18
3000,5000,1000,CO2,-4.093125973203801e-18,0.0,-6.749176208644401e-17,2.2497254028814703e-17,-1.4810500210881903e-16,4.936833403627311e-17
3000,5000,1500,CO2,-4.0929460650226905e-18,0.0,-5.554219594046911e-17,1.8514065313489702e-17,-1.2166975451942202e-16,4.0556584839807204e-17
3000,5000,2000,CO2,-4.0926608971519e-18,0.0,-4.2544883392166807e-17,1.41816277973889e-17,-9.298069946785571e-17,3.099356648928521e-17
3000,5000,2500,CO2,-4.09226888658609e-18,0.0,-3.0850317479206104e-17,1.0283439159735401e-17,-6.725702473015131e-17,2.24190082433838e-17
3000,5000,3000,CO2,-4.09175390953815e-18,0.0,-2.0959418852115403e-17,6.986472950705142e-18,-4.5601907454875103e-17,1.5200635818291702e-17
3000,5000,3500,CO2,-4.09108864331425e-18,0.0,-1.2760203788673102e-17,4.25340126289104e-18,-2.7753077350812704e-17,9.251025783604252e-18
3000,5000,4000,CO2,-4.090238257323741e-18,0.0,-5.991992238365141e-18,1.9973307461217103e-18,-1.3117786440650001e-17,4.3725954802166604e-18
3000,5000,4500,CO2,-4.08916515106478e-18,0.0,-3.9255507308713106e-19,1.3085169102904401e-19,-1.1015567073600101e-18,3.67185569120003e-19
3000,5000,5000,CO2,-4.087834298839551e-18,0.0,4.26260442913491e-18,-1.4208681430449702e-18,8.804023791540752e-18,-2.9346745971802502e-18
3500,1000,1000,CO2,7.700822342736091e-18,0.0,-5.89785933046172e-18,1.9659531101539102e-18,-6.539340987274501e-18,2.1797803290915003e-18
3500,1000,1500,CO2,7.700822342736091e-18,0.0,2.1785285231439704e-17,-7.261761743813251e-18,2.5544281496470904e-17,-8.514760498823632e-18
3500,1000,2000,CO2,7.700822342733712e-18,0.0,5.2742869927934e-17,-1.75809566426447e-17,6.22911261866295e-17,-2.07637087288765e-17
3500,1000,2500,CO2,7.700822342257342e-18,0.0,8.148058362162111e-17,-2.7160194540540402e-17,9.726839534452171e-17,-3.2422798448173904e-17
3500,1000,3000,CO2,7.70082232572891e-18,0.0,1.0655921531985401e-16,-3.5519738439951305e-17,1.2850806887933502e-16,-4.28360229597782e-17
3500,1000,3500,CO2,7.70082212432199e-18,0.0,1.27983368399813e-16,-4.2661122799937607e-17,1.55746195899113e-16,-5.1915398633037606e-17
3500,1000,4000,CO2,7.70082086900416e-18,0.0,1.4617687303438903e-16,-4.872562434479641e-17,1.7928731876034302e-16,-5.976243958678101e-17
3500,1000,4500,CO2,7.70081588402402e-18,0.0,1.6163203369414404e-16,-5.3877344564714506e-17,1.9958612150894802e-16,-6.652870716964951e-17
3500,1000,5000,CO2,7.700801431969232e-18,0.0,1.7479956898543902e-16,-5.826652299514641e-17,2.1709868990800502e-16,-7.236622996933501e-17
3500,1500,1000,CO2,5.955942689180511e-18,0.0,-3.34109839511327e-17,1.1136994650377601e-17,-4.4676270678803006e-17,1.4892090226267602e-17
3500,1500,1500,CO2,5.9559426891802605e-18,0.0,-8.070566753891132e-18,2.6901889179637103e-18,-1.0599680805981803e-17,3.533226935327271e-18
3500,1500,2000,CO2,5.955942689154431e-18,0.0,1.99154539598328e-17,-6.638484653277611e-18,2.7587405398831203e-17,-9.195801799610412e-18
3500,1500,2500,CO2,5.955942687216571e-18,0.0,4.552126336134761e-17,-1.5173754453782504e-17,6.30528746595987e-17,-2.1017624886532904e-17
3500,1500,3000,CO2,5.955942643490941e-18,0.0,6.75322407707844e-17,-2.2510746923594802e-17,9.395020754044452e-17,-3.1316735846814805e-17
3500,1500,3500,CO2,5.955942226691951e-18,0.0,8.605318385968381e-17,-2.8684394619894604e-17,1.2024294413568102e-16,-4.008098137856041e-17
3500,1500,4000,CO2,5.9559400102491e-18,0.0,1.0154691540472301e-16,-3.38489718015744e-17,1.4243885313145603e-16,-4.7479617710485406e-17
3500,1500,4500,CO2,5.955932130041121e-18,0.0,1.1451468201638801e-16,-3.81715606721293e-17,1.6114691981492803e-16,-5.3715639938309404e-17
3500,1500,5000,CO2,5.955911064562331e-18,0.0,1.25401670255458e-16,-4.180055675181931e-17,1.7693345946174402e-16,-5.89778198205812e-17
3500,2000,1000,CO2,4.30762421773361e-18,0.0,-5.400526743340611e-17,1.8001755811135402e-17,-8.203021012585861e-17,2.7343403375286206e-17
3500,2000,1500,CO2,4.307624217430931e-18,0.0,-3.1402145536569806e-17,1.0467381845523302e-17,-4.7757816442245505e-17,1.59192721474152e-17
3500,2000,2000,CO2,4.307624215942511e-18,0.0,-6.605057399724121e-18,2.20168579990804e-18,-9.84201407967221e-18,3.2806713598907407e-18
3500,2000,2500,CO2,4.307624201479881e-18,0.0,1.59103173267397e-17,-5.3034391089132405e-18,2.4865825682123902e-17,-8.288608560707961e-18
3500,2000,3000,CO2,4.30762405697809e-18,0.0,3.511334403107401e-17,-1.1704448010358001e-17,5.4665117491559306e-17,-1.8221705830519804e-17
3500,2000,3500,CO2,4.307623117118791e-18,0.0,5.1146663968297004e-17,-1.70488879894323e-17,7.966621421916101e-17,-2.65554047397203e-17
3500,2000,4000,CO2,4.307619099793491e-18,0.0,6.445834163880301e-17,-2.1486113879601005e-17,1.0048571473387202e-16,-3.34952382446238e-17
3500,2000,4500,CO2,4.307606696390761e-18,0.0,7.551835137504982e-17,-2.5172783791683304e-17,1.17804994956895e-16,-3.9268331652298403e-17
3500,2000,5000,CO2,4.307576652158211e-18,0.0,8.473781631914131e-17,-2.82459387730471e-17,1.32235762773544e-16,-4.407858759118151e-17
3500,2500,1000,CO2,2.7693687492216003e-18,0.0,-6.580395186443662e-17,2.1934650621478904e-17,-1.1032373565723801e-16,3.677457855241271e-17
3500,2500,1500,CO2,2.76936872903097e-18,0.0,-4.577501758939671e-17,1.52583391964656e-17,-7.682900481460401e-17,2.5609668271534703e-17
3500,2500,2000,CO2,2.7693686771129304e-18,0.0,-2.3884499667842603e-17,7.96149988928087e-18,-4.0063351184789804e-17,1.3354450394929901e-17
3500,2500,2500,CO2,2.7693685194693703e-18,0.0,-4.09184424971842e-18,1.36394808323947e-18,-6.70102491960798e-18,2.2336749732026602e-18
3500,2500,3000,CO2,2.76936792412668e-18,0.0,1.2718177353576501e-17,-4.23939245119216e-18,2.1695537873926302e-17,-7.23184595797544e-18
3500,2500,3500,CO2,2.7693656945692905e-18,0.0,2.6697298263707204e-17,-8.899099421235732e-18,4.532333160713591e-17,-1.5107777202378604e-17
3500,2500,4000,CO2,2.7693586884291704e-18,0.0,3.82600323488044e-17,-1.2753344116268101e-17,6.484669961379781e-17,-2.1615566537932604e-17
3500,2500,4500,CO2,2.76934074739073e-18,0.0,4.7833689355644306e-17,-1.5944563118548102e-17,8.096996286582991e-17,-2.6989987621943303e-17
3500,2500,5000,CO2,2.7693023510528104e-18,0.0,5.578885443608061e-17,-1.8596284812026905e-17,9.431310068882701e-17,-3.1437700229609005e-17
3500,3000,1000,CO2,1.3363399064004303e-18,0.0,-7.113680468173141e-17,2.3712268227243802e-17,-1.29087298800494e-16,4.30290996001645e-17
3500,3000,1500,CO2,1.3363397055847602e-18,0.0,-5.338651137994771e-17,1.7795503793315902e-17,-9.688982339461331e-17,3.229660779820441e-17
3500,3000,2000,CO2,1.3363392934719402e-18,0.0,-3.40299780099758e-17,1.1343326003325303e-17,-6.172630050612261e-17,2.0575433502040904e-17
3500,3000,2500,CO2,1.3363384601218002e-18,0.0,-1.65711028713517e-17,5.523700957117231e-18,-2.9993854473552804e-17,9.997951491184262e-18
3500,3000,3000,CO2,1.3363366175985403e-18,0.0,-1.7777066866751303e-18,5.92568895558377e-19,-3.1294032791818604e-18,1.0431344263939502e-18
3500,3000,3500,CO2,1.3363323064363603e-18,0.0,1.0498542609459102e-17,-3.499514203153021e-18,1.9112425657955402e-17,-6.3708085526517905e-18
3500,3000,4000,CO2,1.3363225429228902e-18,0.0,2.0634193505708204e-17,-6.878064501902741e-18,3.740773620674541e-17,-1.2469245402248501e-17
3500,3000,4500,CO2,1.3363023860500101e-18,0.0,2.9013385242563e-17,-9.67112841418767e-18,5.2455958576351506e-17,-1.74853195254505e-17
3500,3000,5000,CO2,1.3362650631411303e-18,0.0,3.5967478625650604e-17,-1.1989159541883502e-17,6.48652316870089e-17,-2.1621743895669604e-17
3500,3500,1000,CO2,-0.0,0.0,-7.237035342198671e-17,2.4123451140662204e-17,-1.4015836390049801e-16,4.671945463349921e-17
3500,3500,1500,CO2,-0.0,0.0,-5.659501369241221e-17,1.8865004564137403e-17,-1.0951501065587201e-16,3.6505003551957505e-17
3500,3500,2000,CO2,-0.0,0.0,-3.9416406246224303e-17,1.3138802082074802e-17,-7.616347281318561e-17,2.53878242710619e-17
3500,3500,2500,CO2,-0.0,0.0,-2.3944732191153e-17,7.981577397051002e-18,-4.617705323521801e-17,1.5392351078406003e-17
3500,3500,3000,CO2,-0.0,0.0,-1.08525455930323e-17,3.617515197677421e-18,-2.08793130041589e-17,6.95977100138629e-18
3500,3500,3500,CO2,-0.0,0.0,-0.0,-0.0,-0.0,-0.0
3500,3500,4000,CO2,-0.0,0.0,8.952664810516671e-18,-2.98422160350556e-18,1.71282208567423e-17,-5.709406952247421e-18
3500,3500,4500,CO2,-0.0,0.0,1.6349716290127905e-17,-5.449905430042631e-18,3.1184743587613906e-17,-1.0394914529204601e-17
3500,3500,5000,CO2,-0.0,0.0,2.2487064601429604e-17,-7.495688200476541e-18,4.2755380703314305e-17,-1.42517935677714e-17
3500,4000,1000,CO2,-1.2484051096153502e-18,0.0,-7.118115079104491e-17,2.3727050263681602e-17,-1.4559221829473103e-16,4.8530739431576906e-17
3500,4000,1500,CO2,-1.2483983828524802e-18,0.0,-5.710559490462441e-17,1.90351983015415e-17,-1.1660407049797002e-16,3.88680234993233e-17
3500,4000,2000,CO2,-1.2483868468068601e-18,0.0,-4.1792117827916805e-17,1.39307059426389e-17,-8.513119821274471e-17,2.83770660709149e-17
3500,4000,2500,CO2,-1.2483691889698202e-18,0.0,-2.8012902183489406e-17,9.33763406116313e-18,-5.690689246500351e-17,1.8968964155001203e-17
3500,4000,3000,CO2,-1.24834259063699e-18,0.0,-1.6361800048908102e-17,5.453933349636051e-18,-3.31523184819682e-17,1.1050772827322703e-17
3500,4000,3500,CO2,-1.2483022474350502e-18,0.0,-6.709156367840721e-18,2.2363854559469106e-18,-1.3586702501811302e-17,4.5289008339371005e-18
3500,4000,4000,CO2,-1.24824109093357e-18,0.0,1.25116183465907e-18,-4.1705394488635703e-19,2.43715620754976e-18,-8.12385402516586e-19
3500,4000,4500,CO2,-1.2481500834624201e-18,0.0,7.827906432776941e-18,-2.6093021442589805e-18,1.5570793555785704e-17,-5.190264518595231e-18
3500,4000,5000,CO2,-1.24801914457587e-18,0.0,1.3285798281081001e-17,-4.4285994270270105e-18,2.6372637288137402e-17,-8.790879096045791e-18
3500,4500,1000,CO2,-2.4167340738404703e-18,0.0,-6.864499433701951e-17,2.2881664779006504e-17,-1.4709056428312703e-16,4.9030188094375707e-17
3500,4500,1500,CO2,-2.4166946382687203e-18,0.0,-5.603075033656851e-17,1.8676916778856202e-17,-1.19766097964384e-16,3.99220326547948e-17
3500,4500,2000,CO2,-2.41662995149737e-18,0.0,-4.23156714588914e-17,1.4105223819630502e-17,-9.015357668206941e-17,3.0051192227356505e-17
3500,4500,2500,CO2,-2.4165368675487004e-18,0.0,-2.9981920879504704e-17,9.993973626501581e-18,-6.364769752374222e-17,2.1215899174580702e-17
3500,4500,3000,CO2,-2.4164073978624603e-18,0.0,-1.9557569506859303e-17,6.519189835619751e-18,-4.1377066134420505e-17,1.3792355378140202e-17
3500,4500,3500,CO2,-2.41622862978073e-18,0.0,-1.09233217797537e-17,3.6411072599179e-18,-2.3059158340220803e-17,7.68638611340693e-18
3500,4500,4000,CO2,-2.4159831767310007e-18,0.0,-3.80301054126446e-18,1.2676701804214903e-18,-8.072851390014102e-18,2.6909504633380304e-18
3500,4500,4500,CO2,-2.41565070351804e-18,0.0,2.0809597358171903e-18,-6.9365324527239715e-19,4.20195048369719e-18,-1.4006501612324001e-18
3500,4500,5000,CO2,-2.4152103849840006e-18,0.0,6.96615928057642e-18,-2.3220530935254704e-18,1.4294315077668003e-17,-4.764771692556011e-18
3500,5000,1000,CO2,-3.511490946265011e-18,0.0,-6.542823460123982e-17,2.1809411533746604e-17,-1.4593563133573203e-16,4.864521044524401e-17
3500,5000,1500,CO2,-3.511358153632e-18,0.0,-5.4072008150237e-17,1.80240027167457e-17,-1.2022862648260203e-16,4.0076208827533904e-17
3500,5000,2000,CO2,-3.51114711611223e-18,0.0,-4.173007170162511e-17,1.39100239005417e-17,-9.240823477294131e-17,3.08027449243138e-17
3500,5000,2500,CO2,-3.510855985035461e-18,0.0,-3.06353112925496e-17,1.0211770430849901e-17,-6.75420914663271e-17,2.2514030488775705e-17
3500,5000,3000,CO2,-3.51047180624398e-18,0.0,-2.1260291152151505e-17,7.08676371738384e-18,-4.6675129419977407e-17,1.55583764733258e-17
3500,5000,3500,CO2,-3.5099728107378705e-18,0.0,-1.3495564825634701e-17,4.498521608544911e-18,-2.9528403140928304e-17,9.842801046976111e-18
3500,5000,4000,CO2,-3.509331072119891e-18,0.0,-7.091363389162301e-18,2.36378779638743e-18,-1.5509578824766702e-17,5.169859608255561e-18
3500,5000,4500,CO2,-3.50851612418372e-18,0.0,-1.79725884025303e-18,5.990862800843441e-19,-4.03110907280723e-18,1.3437030242690801e-18
3500,5000,5000,CO2,-3.507499196722451e-18,0.0,2.6007652476190006e-18,-8.669217492063351e-19,5.406504613126581e-18,-1.80216820437553e-18
4000,1000,1000,CO2,1.07723650849425e-17,0.0,-6.4408751722595014e-18,2.1469583907531705e-18,-7.509430268178342e-18,2.5031434227261106e-18
4000,1000,1500,CO2,1.07723650849425e-17,0.0,2.2025935721094902e-17,-7.34197857369831e-18,2.7143318400515303e-17,-9.047772800171761e-18
4000,1000,2000,CO2,1.07723650849393e-17,0.0,5.37123853865375e-17,-1.7904128462179203e-17,6.650553128753701e-17,-2.2168510429179004e-17
4000,1000,2500,CO2,1.0772365084287601e-17,0.0,8.296478439975241e-17,-2.7654928133250804e-17,1.0361508700384102e-16,-3.45383623346138e-17
4000,1000,3000,CO2,1.0772365061610302e-17,0.0,1.0834201106703801e-16,-3.61140036890128e-17,1.3642972420791002e-16,-4.547657473596991e-17
4000,1000,3500,CO2,1.0772364784770502e-17,0.0,1.2988909330369202e-16,-4.32963644345639e-17,1.6475437211349202e-16,-5.4918124037830605e-17
4000,1000,4000,CO2,1.07723630571797e-17,0.0,1.4807310951471502e-16,-4.935770317157161e-17,1.8898962184347003e-16,-6.29965406144899e-17
4000,1000,4500,CO2,1.0772356190783401e-17,0.0,1.6342232876624302e-16,-5.4474109588747705e-17,2.0967817329073304e-16,-6.98927244302442e-17
4000,1000,5000,CO2,1.0772336271430603e-17,0.0,1.7641512327681003e-16,-5.88050410922699e-17,2.2734816292143604e-16,-7.57827209738121e-17
4000,1500,1000,CO2,8.598809007681041e-18,0.0,-3.4350193413319406e-17,1.1450064471106503e-17,-4.8127011762316705e-17,1.6042337254105602e-17
4000,1500,1500,CO2,8.598809007680711e-18,0.0,-8.921947795486952e-18,2.97398259849565e-18,-1.2262854279171601e-17,4.08761809305719e-18
4000,1500,2000,CO2,8.59880900764598e-18,0.0,1.9067381235885803e-17,-6.3557937452952606e-18,2.7652718441205403e-17,-9.217572813735131e-18
4000,1500,2500,CO2,8.598809004985101e-18,0.0,4.4574265466538606e-17,-1.48580884888462e-17,6.442861909787941e-17,-2.1476206365959803e-17
4000,1500,3000,CO2,8.598808944412182e-18,0.0,6.640616208201681e-17,-2.2135387360672304e-17,9.619991884085022e-17,-3.206663961361681e-17
4000,1500,3500,CO2,8.59880836414649e-18,0.0,8.469443555546651e-17,-2.82314785184888e-17,1.23006819236644e-16,-4.10022730788814e-17
4000,1500,4000,CO2,8.59880526853257e-18,0.0,9.992327575411451e-17,-3.33077585847048e-17,1.4544314928799703e-16,-4.84810497626657e-17
4000,1500,4500,CO2,8.598794237994922e-18,0.0,1.1260921891407001e-16,-3.753640630469e-17,1.6419056134481702e-16,-5.4730187114938905e-17
4000,1500,5000,CO2,8.598764702607501e-18,0.0,1.2320788045646102e-16,-4.1069293485487104e-17,1.7987162911930704e-16,-5.995720970643581e-17
4000,2000,1000,CO2,6.579110826199911e-18,0.0,-5.441043204072931e-17,1.8136810680243102e-17,-8.611099568355392e-17,2.87036652278513e-17
4000,2000,1500,CO2,6.579110825800401e-18,0.0,-3.2080531462453306e-17,1.0693510487484402e-17,-5.0742350489055707e-17,1.6914116829685203e-17
4000,2000,2000,CO2,6.5791108237979605e-18,0.0,-7.644551718209792e-18,2.5481839060699304e-18,-1.1833525071839402e-17,3.94450835727979e-18
4000,2000,2500,CO2,6.5791108036540306e-18,0.0,1.4476784851667303e-17,-4.825594950555781e-18,2.3550540689800104e-17,-7.85018022993337e-18
4000,2000,3000,CO2,6.579110597820771e-18,0.0,3.32832985567412e-17,-1.1094432852247102e-17,5.3721965282426303e-17,-1.7907321760808803e-17
4000,2000,3500,CO2,6.579109243465291e-18,0.0,4.89333475448696e-17,-1.6311115848289902e-17,7.885884952658111e-17,-2.6286283175527002e-17
4000,2000,4000,CO2,6.579103415257381e-18,0.0,6.188246529162871e-17,-2.0627488430542904e-17,9.964446351489481e-17,-3.321482117163161e-17
4000,2000,4500,CO2,6.579085341593171e-18,0.0,7.260359502163052e-17,-2.4201198340543504e-17,1.1681304561149102e-16,-3.8937681870497104e-17
4000,2000,5000,CO2,6.579041427199341e-18,0.0,8.150842217577142e-17,-2.7169474058590506e-17,1.31015311944876e-16,-4.3671770648292004e-17
4000,2500,1000,CO2,4.722817102688391e-18,0.0,-6.543929601151751e-17,2.1813098670505803e-17,-1.13640981328361e-16,3.78803271094537e-17
4000,2500,1500,CO2,4.722817073008181e-18,0.0,-4.58673154325677e-17,1.5289105144189203e-17,-7.961230439034851e-17,2.6537434796782903e-17
4000,2500,2000,CO2,4.72281699610234e-18,0.0,-2.4517795217208904e-17,8.17259840573629e-18,-4.243477773863351e-17,1.4144925912877803e-17
4000,2500,2500,CO2,4.7228167586948e-18,0.0,-5.25868878638795e-18,1.7528962621293204e-18,-8.881106990125e-18,2.96036899670833e-18
4000,2500,3000,CO2,4.722815841949141e-18,0.0,1.1058034966117702e-17,-3.686011655372571e-18,1.9517006257940604e-17,-6.5056687526468805e-18
4000,2500,3500,CO2,4.722812346773621e-18,0.0,2.4592609361655405e-17,-8.19753645388514e-18,4.30112999719843e-17,-1.43370999906614e-17
4000,2500,4000,CO2,4.722801234204711e-18,0.0,3.57587811934778e-17,-1.1919593731159301e-17,6.231350442010511e-17,-2.0771168140035e-17
4000,2500,4500,CO2,4.72277255919702e-18,0.0,4.4979840988555506e-17,-1.4993280329518502e-17,7.816287037855221e-17,-2.6054290126184105e-17
4000,2500,5000,CO2,4.7227108676432305e-18,0.0,5.262150358528731e-17,-1.7540501195095805e-17,9.120360364190341e-17,-3.04012012139678e-17
4000,3000,1000,CO2,3.0177269042165005e-18,0.0,-7.00850023880123e-17,2.33616674626708e-17,-1.3100220159029601e-16,4.36674005300988e-17
4000,3000,1500,CO2,3.0177265137189605e-18,0.0,-5.287970269022991e-17,1.7626567563410003e-17,-9.871142603964082e-17,3.2903808679880305e-17
4000,3000,2000,CO2,3.0177257084749404e-18,0.0,-3.4146504366942e-17,1.1382168122314002e-17,-6.35847890848646e-17,2.11949296949549e-17
4000,3000,2500,CO2,3.0177240657197304e-18,0.0,-1.7280560962465403e-17,5.76018698748848e-18,-3.2029429359697304e-17,1.0676476453232401e-17
4000,3000,3000,CO2,3.0177203835523504e-18,0.0,-3.0170521299288703e-18,1.0056840433096201e-18,-5.440603686114111e-18,1.81353456203804e-18
4000,3000,3500,CO2,3.0177116334560805e-18,0.0,8.79623833779764e-18,-2.9320794459325505e-18,1.6469271920190604e-17,-5.489757306730191e-18
4000,3000,4000,CO2,3.0176915506818904e-18,0.0,1.85303380662683e-17,-6.17677935542275e-18,3.44072743205612e-17,-1.1469091440187103e-17
4000,3000,4500,CO2,3.0176496695559805e-18,0.0,2.6561509866312004e-17,-8.85383662210401e-18,4.909313878135291e-17,-1.63643795937843e-17
4000,3000,5000,CO2,3.01757154801836e-18,0.0,3.3213340502394206e-17,-1.1071113500798102e-17,6.114751043656541e-17,-2.0382503478855102e-17
4000,3500,1000,CO2,1.4483576206947001e-18,0.0,-7.07978386565507e-17,2.3599279552183602e-17,-1.4051975357865003e-16,4.6839917859549904e-17
4000,3500,1500,CO2,1.4483561158987703e-18,0.0,-5.56025048064324e-17,1.85341682688108e-17,-1.1012047471021101e-16,3.670682490340351e-17
4000,3500,2000,CO2,1.4483533460029303e-18,0.0,-3.9076282494487307e-17,1.30254274981624e-17,-7.714618502843611e-17,2.5715395009478702e-17
4000,3500,2500,CO2,1.44834863901655e-18,0.0,-2.4213953393255303e-17,8.071317797751772e-18,-4.761350074775491e-17,1.58711669159183e-17
4000,3500,3000,CO2,1.4483404701966202e-18,0.0,-1.1656680925936201e-17,3.8855603086454005e-18,-2.2797609546092702e-17,7.59920318203089e-18
4000,3500,3500,CO2,1.44832582568032e-18,0.0,-1.2636609312596102e-18,4.2122031041986905e-19,-2.3967995462611505e-18,7.989331820870491e-19
4000,3500,4000,CO2,1.4482995689206802e-18,0.0,7.296681167824151e-18,-2.4322270559413804e-18,1.42740633266517e-17,-4.75802110888391e-18
4000,3500,4500,CO2,1.4482542648522702e-18,0.0,1.4358703958553502e-17,-4.7862346528511705e-18,2.79032455595283e-17,-9.301081853176102e-18
4000,3500,5000,CO2,1.4481807105457702e-18,0.0,2.0209085718904302e-17,-6.7363619063014404e-18,3.9080070895884806e-17,-1.3026690298628302e-17
4000,4000,1000,CO2,-0.0,0.0,-6.924863369692421e-17,2.3082877898974704e-17,-1.44494084015399e-16,4.816469467179981e-17
4000,4000,1500,CO2,-0.0,0.0,-5.57583301641813e-17,1.8586110054727103e-17,-1.1600375585133502e-16,3.86679186171117e-17
4000,4000,2000,CO2,-0.0,0.0,-4.1096780769667505e-17,1.3698926923222502e-17,-8.516206727938012e-17,2.83873557597934e-17
4000,4000,2500,CO2,-0.0,0.0,-2.7919955702555006e-17,9.306651900851661e-18,-5.75960779244254e-17,1.9198692641475203e-17
4000,4000,3000,CO2,-0.0,0.0,-1.6792021971055904e-17,5.597340657018621e-18,-3.44745643446207e-17,1.1491521448206902e-17
4000,4000,3500,CO2,-0.0,0.0,-7.584216015999652e-18,2.5280720053332203e-18,-1.5494106704713102e-17,5.164702234904361e-18
4000,4000,4000,CO2,-0.0,0.0,-0.0,-0.0,-0.0,-0.0
4000,4000,4500,CO2,-0.0,0.0,6.2585078944330715e-18,-2.0861692981443603e-18,1.2659410251176201e-17,-4.219803417058741e-18
4000,4000,5000,CO2,-0.0,0.0,1.1446174218031602e-17,-3.81539140601052e-18,2.3039276426199902e-17,-7.679758808733292e-18
4000,4500,1000,CO2,-1.3402325327881302e-18,0.0,-6.648242786894501e-17,2.2160809289648302e-17,-1.4472713573912203e-16,4.824237857970721e-17
4000,4500,1500,CO2,-1.3402137219433e-18,0.0,-5.4442068533738103e-17,1.8147356177912702e-17,-1.18088207665163e-16,3.936273588838771e-17
4000,4500,2000,CO2,-1.3401827807561802e-18,0.0,-4.13622737342075e-17,1.3787424578069201e-17,-8.929308923406471e-17,2.9764363078021606e-17
4000,4500,2500,CO2,-1.3401380826094801e-18,0.0,-2.9611453153404705e-17,9.870484384468221e-18,-6.359401246448671e-17,2.1198004154828903e-17
4000,4500,3000,CO2,-1.34007558794721e-18,0.0,-1.9689848881195003e-17,6.563282960398331e-18,-4.206499169274871e-17,1.4021663897582903e-17
4000,4500,3500,CO2,-1.3399887380081203e-18,0.0,-1.1480216855354002e-17,3.8267389517846705e-18,-2.4407938766533702e-17,8.135979588844571e-18
4000,4500,4000,CO2,-1.3398686208416303e-18,0.0,-4.716635521365501e-18,1.57221184045517e-18,-1.0002157705769903e-17,3.3340525685899704e-18
4000,4500,4500,CO2,-1.33970470789522e-18,0.0,8.672921727988721e-19,-2.8909739093295703e-19,1.7659473309555905e-18,-5.886491103185311e-19
4000,4500,5000,CO2,-1.3394861035275903e-18,0.0,5.499145281075621e-18,-1.83304842702521e-18,1.1417109189955402e-17,-3.8057030633184804e-18
4000,5000,1000,CO2,-2.5831124680041305e-18,0.0,-6.313301845129362e-17,2.1044339483764503e-17,-1.4252614977838703e-16,4.7508716592795504e-17
4000,5000,1500,CO2,-2.5830284582547705e-18,0.0,-5.233034096264791e-17,1.74434469875493e-17,-1.17641053179223e-16,3.9213684393074205e-17
4000,5000,2000,CO2,-2.5828946064554105e-18,0.0,-4.059855022052041e-17,1.3532850073506803e-17,-9.077186256237801e-17,3.0257287520792604e-17
4000,5000,2500,CO2,-2.58270931529097e-18,0.0,-3.0060973325169405e-17,1.0020324441723101e-17,-6.681773809799021e-17,2.2272579365996703e-17
4000,5000,3000,CO2,-2.58246371564299e-18,0.0,-2.11642000190658e-17,7.05473333968862e-18,-4.676806780404431e-17,1.5589355934681403e-17
4000,5000,3500,CO2,-2.5821429933948704e-18,0.0,-1.3801549922670901e-17,4.600516640890311e-18,-3.03339802292673e-17,1.01113267430891e-17
4000,5000,4000,CO2,-2.5817280166206604e-18,0.0,-7.73369002436586e-18,2.57789667478862e-18,-1.6929621031006505e-17,5.643207010335511e-18
4000,5000,4500,CO2,-2.5811976957342704e-18,0.0,-2.7213461924018403e-18,9.071153974672791e-19,-5.978895183905841e-18,1.9929650613019505e-18
4000,5000,5000,CO2,-2.58053185381859e-18,0.0,1.4396505017692802e-18,-4.798835005897601e-19,3.0056319945259102e-18,-1.00187733150864e-18
4500,1000,1000,CO2,1.4249394675572702e-17,0.0,-6.857607755323901e-18,2.2858692517746303e-18,-8.35579232633652e-18,2.7852641087788405e-18
4500,1000,1500,CO2,1.4249394675572702e-17,0.0,2.2107363352949402e-17,-7.369121117649781e-18,2.84582150303378e-17,-9.486071676779271e-18
4500,1000,2000,CO2,1.4249394675568502e-17,0.0,5.4217159973330107e-17,-1.8072386657776702e-17,6.99763284094234e-17,-2.3325442803141104e-17
4500,1000,2500,CO2,1.42493946747257e-17,0.0,8.371673239713072e-17,-2.79055774657102e-17,1.08793300395011e-16,-3.626443346500381e-17
4500,1000,3000,CO2,1.4249394645309002e-17,0.0,1.0917506924004802e-16,-3.63916897466826e-17,1.42818917991464e-16,-4.760630599715451e-17
4500,1000,3500,CO2,1.42493942855416e-17,0.0,1.30674169237952e-16,-4.35580564126508e-17,1.7192956694812903e-16,-5.730985564937641e-17
4500,1000,4000,CO2,1.42493920377072e-17,0.0,1.4871709667362204e-16,-4.957236555787411e-17,1.9661629385253602e-16,-6.5538764617512e-17
4500,1000,4500,CO2,1.42493830958331e-17,0.0,1.6386079532849102e-16,-5.462026510949701e-17,2.1750204137192902e-16,-7.250068045730981e-17
4500,1000,5000,CO2,1.42493571388821e-17,0.0,1.7660501331966404e-16,-5.886833777322141e-17,2.35179266836027e-16,-7.83930889453422e-17
4500,1500,1000,CO2,1.1594187763030702e-17,0.0,-3.48812409757433e-17,1.1627080325247802e-17,-5.086917803825971e-17,1.69563926794199e-17
4500,1500,1500,CO2,1.15941877630303e-17,0.0,-9.53638149226261e-18,3.1787938307542005e-18,-1.3629119110307401e-17,4.54303970343581e-18
4500,1500,2000,CO2,1.1594187762986602e-17,0.0,1.8279583964003603e-17,-6.093194654667851e-18,2.7576522164520004e-17,-9.19217405484e-18
4500,1500,2500,CO2,1.15941877595733e-17,0.0,4.3539843131301006e-17,-1.4513281043767e-17,6.528292800504831e-17,-2.1760976001682803e-17
4500,1500,3000,CO2,1.1594187681202401e-17,0.0,6.507899552926781e-17,-2.1692998509755903e-17,9.762449131373391e-17,-3.2541497104578e-17
4500,1500,3500,CO2,1.1594186926776001e-17,0.0,8.305093587036262e-17,-2.7683645290120904e-17,1.24712643690081e-16,-4.1570881230027106e-17
4500,1500,4000,CO2,1.1594182889354402e-17,0.0,9.79554771865096e-17,-3.2651825728836506e-17,1.47215996596194e-16,-4.9071998865397907e-17
4500,1500,4500,CO2,1.1594168471197502e-17,0.0,1.10319188329549e-16,-3.6773062776516407e-17,1.6587750057488103e-16,-5.529250019162711e-17
4500,1500,5000,CO2,1.1594129802464801e-17,0.0,1.2060382046778101e-16,-4.0201273489260305e-17,1.8136616533411602e-16,-6.04553884447053e-17
4500,2000,1000,CO2,9.16644746762099e-18,0.0,-5.4324857725020405e-17,1.8108285908340102e-17,-8.901714624615811e-17,2.9672382082052703e-17
4500,2000,1500,CO2,9.166447467138222e-18,0.0,-3.2360515975206106e-17,1.0786838658402002e-17,-5.2918163864808206e-17,1.76393879549361e-17
4500,2000,2000,CO2,9.16644746467344e-18,0.0,-8.377373674783812e-18,2.7924578915946004e-18,-1.3393868751802302e-17,4.464622917267431e-18
4500,2000,2500,CO2,9.166447439033601e-18,0.0,1.3277157255879801e-17,-4.425719085293271e-18,2.2351452945734006e-17,-7.450484315244682e-18
4500,2000,3000,CO2,9.16644717134796e-18,0.0,3.16349134694989e-17,-1.0544971156499601e-17,5.2653700114673106e-17,-1.7551233371557702e-17
4500,2000,3500,CO2,9.166445390294522e-18,0.0,4.6866731795686305e-17,-1.56222439318954e-17,7.774994398154601e-17,-2.5916647993848704e-17
4500,2000,4000,CO2,9.166437675703701e-18,0.0,5.943177326477391e-17,-1.9810591088258003e-17,9.837752186028391e-17,-3.2792507286761305e-17
4500,2000,4500,CO2,9.1664136498486e-18,0.0,6.980264457426671e-17,-2.32675481914222e-17,1.15311950637688e-16,-3.8437316879229507e-17
4500,2000,5000,CO2,9.166355097046571e-18,0.0,7.838899995844801e-17,-2.6129666652816e-17,1.29233481860844e-16,-4.30778272869481e-17
4500,2500,1000,CO2,6.96787797146754e-18,0.0,-6.462301348468032e-17,2.1541004494893406e-17,-1.15576713918048e-16,3.8525571306016005e-17
4500,2500,1500,CO2,6.9678779336109e-18,0.0,-4.55489553159548e-17,1.51829851053183e-17,-8.131653941422271e-17,2.7105513138074203e-17
4500,2500,2000,CO2,6.9678778347941e-18,0.0,-2.4778131896955903e-17,8.25937729898531e-18,-4.403238664870301e-17,1.46774622162343e-17
4500,2500,2500,CO2,6.96787752479498e-18,0.0,-6.079007024773811e-18,2.0263356749246003e-18,-1.05351713821438e-17,3.5117237940479306e-18
4500,2500,3000,CO2,6.96787630150294e-18,0.0,9.728988145228301e-18,-3.24299604840943e-18,1.76805190597153e-17,-5.893506353238431e-18
4500,2500,3500,CO2,6.967871556169601e-18,0.0,2.2812269629231503e-17,-7.604089876410511e-18,4.0911672278122205e-17,-1.3637224092707403e-17
4500,2500,4000,CO2,6.967856297424191e-18,0.0,3.3581488291307704e-17,-1.1193829430435902e-17,5.9905588958757e-17,-1.9968529652919004e-17
4500,2500,4500,CO2,6.967816631730811e-18,0.0,4.2454048263075905e-17,-1.41513494210253e-17,7.54261204302294e-17,-2.5142040143409803e-17
4500,2500,5000,CO2,6.967730859902581e-18,0.0,4.9789401551430803e-17,-1.65964671838103e-17,8.81335300921289e-17,-2.9377843364043e-17
4500,3000,1000,CO2,4.975575987478761e-18,0.0,-6.866671613423691e-17,2.2888905378079003e-17,-1.3153709825322502e-16,4.3845699417741505e-17
4500,3000,1500,CO2,4.975575431841741e-18,0.0,-5.2014274876619905e-17,1.7338091625540004e-17,-9.938935339387131e-17,3.3129784464623804e-17
4500,3000,2000,CO2,4.975574280726651e-18,0.0,-3.390780199205911e-17,1.1302600664019701e-17,-6.453331564773521e-17,2.1511105215911703e-17
4500,3000,2500,CO2,4.975571912055931e-18,0.0,-1.76323219240134e-17,5.8774406413378105e-18,-3.3339853271969907e-17,1.111328442399e-17
4500,3000,3000,CO2,4.975566530859971e-18,0.0,-3.891622790027701e-18,1.2972075966759001e-18,-7.15952653394051e-18,2.3865088446468403e-18
4500,3000,3500,CO2,4.975553547326521e-18,0.0,7.4688340224367e-18,-2.4896113408122304e-18,1.43284816988796e-17,-4.776160566293181e-18
4500,3000,4000,CO2,4.9755233570194805e-18,0.0,1.68133081796071e-17,-5.604436059869041e-18,3.1852021114495805e-17,-1.0617340371498602e-17
4500,3000,4500,CO2,4.97545977698021e-18,0.0,2.4509308391146e-17,-8.169769463715341e-18,4.614254394521821e-17,-1.5380847981739403e-17
4500,3000,5000,CO2,4.9753403283787305e-18,0.0,3.08720618503969e-17,-1.0290687283465602e-17,5.78265894832099e-17,-1.9275529827736604e-17
4500,3500,1000,CO2,3.1646149145082503e-18,0.0,-6.89511970722582e-17,2.2983732357419403e-17,-1.3962909813441602e-16,4.654303271147211e-17
4500,3500,1500,CO2,3.1646120807822606e-18,0.0,-5.4322496315167807e-17,1.81074987717226e-17,-1.0964841479064601e-16,3.65494715968821e-17
4500,3500,2000,CO2,3.1646068460065406e-18,0.0,-3.8430292532848704e-17,1.2810097510949602e-17,-7.721977065930811e-17,2.5739923553102702e-17
4500,3500,2500,CO2,3.1645978983078004e-18,0.0,-2.4156771322172403e-17,8.052257107390791e-18,-4.8269530904026405e-17,1.60898436346755e-17
4500,3500,3000,CO2,3.1645822333227304e-18,0.0,-1.2113488668494501e-17,4.037829556164831e-18,-2.4023908382533006e-17,8.00796946084433e-18
4500,3500,3500,CO2,3.1645538388127305e-18,0.0,-2.1596780341190705e-18,7.198926780396881e-19,-4.15769541884547e-18,1.3858984729484903e-18
4500,3500,4000,CO2,3.1645023507595503e-18,0.0,6.027549281377641e-18,-2.00918309379255e-18,1.2023666859617101e-17,-4.007888953205701e-18
4500,3500,4500,CO2,3.1644126257586705e-18,0.0,1.27724305157707e-17,-4.257476838590231e-18,2.5210512433582202e-17,-8.403504144527392e-18
4500,3500,5000,CO2,3.1642657736700603e-18,0.0,1.8352359793342003e-17,-6.1174532644473304e-18,3.599057581023141e-17,-1.1996858603410501e-17
4500,4000,1000,CO2,1.5125045263124503e-18,0.0,-6.712573770353921e-17,2.2375245901179703e-17,-1.4233434438593003e-16,4.744478146197671e-17
4500,4000,1500,CO2,1.5124984900542303e-18,0.0,-5.4193814015469305e-17,1.8064604671823104e-17,-1.1446168661324203e-16,3.81538955377473e-17
4500,4000,2000,CO2,1.51248807439248e-18,0.0,-4.0152155467256905e-17,1.3384051822419002e-17,-8.436254458818042e-17,2.8120848196060106e-17
4500,4000,2500,CO2,1.5124719844409401e-18,0.0,-2.7545996631697805e-17,9.181998877232612e-18,-5.75352380962198e-17,1.9178412698739904e-17
4500,4000,3000,CO2,1.5124474325958503e-18,0.0,-1.6911880594364603e-17,5.637293531454871e-18,-3.509735291068481e-17,1.1699117636894903e-17
4500,4000,3500,CO2,1.5124095783574104e-18,0.0,-8.122519453880891e-18,2.7075064846269606e-18,-1.6729631601290202e-17,5.57654386709672e-18
4500,4000,4000,CO2,1.5123511487018202e-18,0.0,-8.909626331953741e-19,2.9698754439845803e-19,-1.7764802102074502e-18,5.921600700691511e-19
4500,4000,4500,CO2,1.5122626605399302e-18,0.0,5.07003132201045e-18,-1.6900104406701503e-18,1.0408709933198202e-17,-3.4695699777327204e-18
4500,4000,5000,CO2,1.5121333462096603e-18,0.0,1.0005771398087901e-17,-3.3352571326959604e-18,2.03740677167332e-17,-6.7913559055777406e-18
4500,4500,1000,CO2,-0.0,0.0,-6.41998069689819e-17,2.1399935656327302e-17,-1.4151398726316402e-16,4.71713290877212e-17
4500,4500,1500,CO2,-0.0,0.0,-5.269804899265111e-17,1.7566016330883703e-17,-1.1563363912434902e-16,3.8544546374783005e-17
4500,4500,2000,CO2,-0.0,0.0,-4.0213106360295906e-17,1.3404368786765302e-17,-8.771884847488462e-17,2.9239616158294904e-17
4500,4500,2500,CO2,-0.0,0.0,-2.9006750675699704e-17,9.668916891899911e-18,-6.286621872237091e-17,2.0955406240790305e-17
4500,4500,3000,CO2,-0.0,0.0,-1.9553583863881902e-17,6.517861287960631e-18,-4.2097710633629505e-17,1.4032570211209803e-17
4500,4500,3500,CO2,-0.0,0.0,-1.1738702651603201e-17,3.9129008838677206e-18,-2.5105349875429004e-17,8.36844995847635e-18
4500,4500,4000,CO2,-0.0,0.0,-5.306081002703991e-18,1.768693667568e-18,-1.1273901641493201e-17,3.75796721383108e-18
4500,4500,4500,CO2,-0.0,0.0,-0.0,-0.0,-0.0,-0.0
4500,4500,5000,CO2,-0.0,0.0,4.397650489155221e-18,-1.4658834963850703e-18,9.226166083116443e-18,-3.0753886943721505e-18
4500,5000,1000,CO2,-1.38891305624842e-18,0.0,-6.07745032130757e-17,2.0258167737691903e-17,-1.3847660192709404e-16,4.615886730903141e-17
4500,5000,1500,CO2,-1.3888742399774302e-18,0.0,-5.048505239251851e-17,1.6828350797506203e-17,-1.1444720252920102e-16,3.81490675097338e-17
4500,5000,2000,CO2,-1.38881223727971e-18,0.0,-3.931805276892911e-17,1.3106017589643002e-17,-8.855175883476161e-17,2.95172529449205e-17
4500,5000,2500,CO2,-1.3887261105258603e-18,0.0,-2.9295358105860904e-17,9.765119368620311e-18,-6.551554930787672e-17,2.1838516435958902e-17
4500,5000,3000,CO2,-1.38861144257369e-18,0.0,-2.0839809618160002e-17,6.94660320605332e-18,-4.627595287631711e-17,1.5425317625439004e-17
4500,5000,3500,CO2,-1.3884608875757602e-18,0.0,-1.3847572031439303e-17,4.61585734381311e-18,-3.05388151239907e-17,1.0179605041330201e-17
4500,5000,4000,CO2,-1.3882648921184203e-18,0.0,-8.089170603415882e-18,2.6963902011386307e-18,-1.7728425224128705e-17,5.90947507470957e-18
4500,5000,4500,CO2,-1.3880128168350902e-18,0.0,-3.3357771006418405e-18,1.1119257002139502e-18,-7.282651246653341e-18,2.4275504155511104e-18
4500,5000,5000,CO2,-1.3876943546185301e-18,0.0,6.075945848270711e-19,-2.0253152827569103e-19,1.2722647853112301e-18,-4.240882617704081e-19
5000,1000,1000,CO2,1.8079580799311905e-17,0.0,-7.172652213089641e-18,2.39088407102988e-18,-9.090956845514971e-18,3.03031894850499e-18
5000,1000,1500,CO2,1.8079580799311905e-17,0.0,2.2067656696765103e-17,-7.355885565588351e-18,2.9535579745498005e-17,-9.845193248499352e-18
5000,1000,2000,CO2,1.8079580799306802e-17,0.0,5.436553658781601e-17,-1.8121845529272003e-17,7.28240143414624e-17,-2.4274671447154103e-17
5000,1000,2500,CO2,1.8079580798261204e-17,0.0,8.390988468859912e-17,-2.7969961562866403e-17,1.12999588868948e-16,-3.7666529622982505e-17
5000,1000,3000,CO2,1.8079580761660002e-17,0.0,1.0928829029553902e-16,-3.64294300985129e-17,1.4794440053124804e-16,-4.931480017708261e-17
5000,1000,3500,CO2,1.8079580313220702e-17,0.0,1.3061612427170002e-16,-4.35387080905667e-17,1.7760629280395902e-16,-5.920209760131962e-17
5000,1000,4000,CO2,1.80795775079816e-17,0.0,1.48426079367386e-16,-4.947535978912861e-17,2.0256033112712002e-16,-6.752011037570651e-17
5000,1000,4500,CO2,1.8079566339197803e-17,0.0,1.6329760739809702e-16,-5.443253579936561e-17,2.23501936596105e-16,-7.450064553203491e-17
5000,1000,5000,CO2,1.8079533897285702e-17,0.0,1.7574661803366802e-16,-5.85822060112227e-17,2.41080568164206e-16,-8.036018938806861e-17
5000,1500,1000,CO2,1.48855952753642e-17,0.0,-3.511061390682861e-17,1.1703537968942901e-17,-5.303302784487441e-17,1.76776759482915e-17
5000,1500,1500,CO2,1.4885595275363702e-17,0.0,-9.972120056049381e-18,3.3240400186831305e-18,-1.4747865298675103e-17,4.91595509955835e-18
5000,1500,2000,CO2,1.4885595275311403e-17,0.0,1.75456522936894e-17,-5.848550764563131e-18,2.7400791161958006e-17,-9.133597053986012e-18
5000,1500,2500,CO2,1.4885595271140104e-17,0.0,4.2457338071479506e-17,-1.4152446023826503e-17,6.574254886787301e-17,-2.1914182955957702e-17
5000,1500,3000,CO2,1.48855951745634e-17,0.0,6.362772864515321e-17,-2.12092428817177e-17,9.842359016428842e-17,-3.28078633880961e-17
5000,1500,3500,CO2,1.48855942404563e-17,0.0,8.12297637036358e-17,-2.7076587901211903e-17,1.2562059142819303e-16,-4.187353047606431e-17
5000,1500,4000,CO2,1.48855892260013e-17,0.0,9.577431183755342e-17,-3.19247706125178e-17,1.48066747907298e-16,-4.935558263576591e-17
5000,1500,4500,CO2,1.48855712799776e-17,0.0,1.0779389583638402e-16,-3.5931298612128104e-17,1.6655645892480503e-16,-5.551881964160161e-17
5000,1500,5000,CO2,1.4885523072831703e-17,0.0,1.1775312116093203e-16,-3.9251040386977406e-17,1.8179686280347803e-16,-6.05989542678259e-17
5000,2000,1000,CO2,1.2010523454072003e-17,0.0,-5.390136325248261e-17,1.7967121084160902e-17,-9.101971826517342e-17,3.0339906088391103e-17
5000,2000,1500,CO2,1.2010523453521501e-17,0.0,-3.2361517577412105e-17,1.0787172525804002e-17,-5.446959092970161e-17,1.81565303099005e-17
5000,2000,2000,CO2,1.2010523450660001e-17,0.0,-8.887882345337421e-18,2.96262744844581e-18,-1.46138454352365e-17,4.87128181174549e-18
5000,2000,2500,CO2,1.2010523419911201e-17,0.0,1.2257143032496102e-17,-4.08571434416538e-18,2.1260149176117002e-17,-7.086716392038991e-18
5000,2000,3000,CO2,1.2010523092189202e-17,0.0,3.0137866693205806e-17,-1.0045955564401901e-17,5.151908708026641e-17,-1.7173029026755502e-17
5000,2000,3500,CO2,1.20105208881968e-17,0.0,4.493500566745391e-17,-1.49783352224846e-17,7.645105652094611e-17,-2.5483685506982e-17
5000,2000,4000,CO2,1.2010511281217402e-17,0.0,5.71084999647393e-17,-1.9036166654913105e-17,9.683699477610471e-17,-3.2278998258701606e-17
5000,2000,4500,CO2,1.2010481237458503e-17,0.0,6.712824092554951e-17,-2.2376080308516502e-17,1.1348434499270602e-16,-3.7828114997568703e-17
5000,2000,5000,CO2,1.2010407803411902e-17,0.0,7.540002211215671e-17,-2.5133340704052202e-17,1.27095383190872e-16,-4.236512773029081e-17
5000,2500,1000,CO2,9.44349217574374e-18,0.0,-6.351948882964181e-17,2.1173162943213905e-17,-1.16504085573163e-16,3.883469519105421e-17
5000,2500,1500,CO2,9.44349213127154e-18,0.0,-4.4962480758894007e-17,1.4987493586298003e-17,-8.22315299420893e-17,2.7410509980696403e-17
5000,2500,2000,CO2,9.44349201435223e-18,0.0,-2.4785537117352705e-17,8.261845705784242e-18,-4.5058399003940406e-17,1.5019466334646802e-17
5000,2500,2500,CO2,9.443491641714242e-18,0.0,-6.653940686742241e-18,2.2179802289140805e-18,-1.1790516210044801e-17,3.9301720700149204e-18
5000,2500,3000,CO2,9.443490139680711e-18,0.0,8.644576719660571e-18,-2.8815255732201902e-18,1.6118018669958502e-17,-5.37267288998615e-18
5000,2500,3500,CO2,9.44348421430714e-18,0.0,2.1280843088167003e-17,-7.093614362722321e-18,3.9001488006679106e-17,-1.3000496002226401e-17
5000,2500,4000,CO2,9.443464951727802e-18,0.0,3.1660819381361004e-17,-1.0553606460453702e-17,5.763348194987811e-17,-1.9211160649959404e-17
5000,2500,4500,CO2,9.443414518830931e-18,0.0,4.0194812899222304e-17,-1.33982709664074e-17,7.279453960418951e-17,-2.4264846534729805e-17
5000,2500,5000,CO2,9.443304925777982e-18,0.0,4.723514718684511e-17,-1.5745049062281702e-17,8.51548308482334e-17,-2.8384943616077804e-17
5000,3000,1000,CO2,7.147074815842971e-18,0.0,-6.70385184677537e-17,2.2346172822584604e-17,-1.31117018553331e-16,4.3705672851110404e-17
5000,3000,1500,CO2,7.147074125838662e-18,0.0,-5.093338606701241e-17,1.69777953556708e-17,-9.927353188339961e-17,3.30911772944665e-17
5000,3000,2000,CO2,7.147072689834491e-18,0.0,-3.3443469218272904e-17,1.1147823072757601e-17,-6.484416116445611e-17,2.1614720388152003e-17
5000,3000,2500,CO2,7.147069709712821e-18,0.0,-1.7744891342452902e-17,5.914963780817651e-18,-3.4132254679321405e-17,1.1377418226440501e-17
5000,3000,3000,CO2,7.147062848462471e-18,0.0,-4.51155059584595e-18,1.5038501986153203e-18,-8.442802018708081e-18,2.8142673395693602e-18
5000,3000,3500,CO2,7.147046043206711e-18,0.0,6.4122727565514906e-18,-2.1374242521838304e-18,1.2571090241136402e-17,-4.190363413712151e-18
5000,3000,4000,CO2,7.14700646280575e-18,0.0,1.5383330159763202e-17,-5.12777671992105e-18,2.9650395551995004e-17,-9.88346518399833e-18
5000,3000,4500,CO2,7.14692230515595e-18,0.0,2.2759934086854803e-17,-7.58664469561826e-18,4.35320117263216e-17,-1.45106705754405e-17
5000,3000,5000,CO2,7.14676309074055e-18,0.0,2.8848706835558405e-17,-9.616235611852802e-18,5.4843636574229806e-17,-1.8281212191409905e-17
5000,3500,1000,CO2,5.084154338022861e-18,0.0,-6.697088007833221e-17,2.2323626692777404e-17,-1.3792269839259004e-16,4.597423279752991e-17
5000,3500,1500,CO2,5.084150410851181e-18,0.0,-5.2888040345697507e-17,1.76293467818992e-17,-1.0847038070993002e-16,3.6156793569976706e-17
5000,3500,2000,CO2,5.084143130439121e-18,0.0,-3.7604244472081707e-17,1.25347481573606e-17,-7.668968908000751e-17,2.5563229693335802e-17
5000,3500,2500,CO2,5.084130613842881e-18,0.0,-2.3893318987424402e-17,7.964439662474791e-18,-4.8395962287498407e-17,1.6131987429166102e-17
5000,3500,3000,CO2,5.084108508211701e-18,0.0,-1.23390476372487e-17,4.113015879082901e-18,-2.4767329965055702e-17,8.25577665501856e-18
5000,3500,3500,CO2,5.084067995049341e-18,0.0,-2.8013914872479705e-18,9.337971624159902e-19,-5.46119724549863e-18,1.82039908183288e-18
5000,3500,4000,CO2,5.083993700520941e-18,0.0,5.033679722703901e-18,-1.6778932409013e-18,1.0220413762724801e-17,-3.4068045875749204e-18
5000,3500,4500,CO2,5.083862951974531e-18,0.0,1.1480337467656202e-17,-3.8267791558854204e-18,2.29651807243671e-17,-7.65506024145571e-18
5000,3500,5000,CO2,5.083647250716321e-18,0.0,1.6806841386854204e-17,-5.6022804622847505e-18,3.3355797017019405e-17,-1.11185990056731e-17
5000,4000,1000,CO2,3.22252195107875e-18,0.0,-6.493448014014271e-17,2.1644826713380904e-17,-1.3953328152759702e-16,4.65110938425323e-17
5000,4000,1500,CO2,3.2225108788346604e-18,0.0,-5.253092588264401e-17,1.7510308627548e-17,-1.12344265728288e-16,3.7448088576095905e-17
5000,4000,2000,CO2,3.22249171547798e-18,0.0,-3.90743149005193e-17,1.3024771633506402e-17,-8.304468222166601e-17,2.7681560740555405e-17
5000,4000,2500,CO2,3.2224619769402303e-18,0.0,-2.7005193313984205e-17,9.001731104661391e-18,-5.699211170502371e-17,1.8997370568341202e-17
5000,4000,3000,CO2,3.2224163040350303e-18,0.0,-1.6834466729829302e-17,5.611488909943091e-18,-3.525511034256471e-17,1.1751703447521602e-17
5000,4000,3500,CO2,3.2223453023365905e-18,0.0,-8.436695473748161e-18,2.8122318245827205e-18,-1.7503634467796204e-17,5.8345448225987406e-18
5000,4000,4000,CO2,3.2222347076417505e-18,0.0,-1.5343153821188801e-18,5.11438460706295e-19,-3.08572028941891e-18,1.0285734298063e-18
5000,4000,4500,CO2,3.2220657411186004e-18,0.0,4.1496494290966006e-18,-1.3832164763655302e-18,8.63682383057397e-18,-2.8789412768579902e-18
5000,4000,5000,CO2,3.2218168941224403e-18,0.0,8.851349018434321e-18,-2.9504496728114404e-18,1.8202748801234602e-17,-6.0675829337448604e-18
5000,4500,1000,CO2,1.5352100968842701e-18,0.0,-6.190125330868301e-17,2.06337511028943e-17,-1.3783925993985401e-16,4.5946419979951405e-17
5000,4500,1500,CO2,1.5351941708812803e-18,0.0,-5.090268274234001e-17,1.6967560914113303e-17,-1.1274714888935502e-16,3.758238296311851e-17
5000,4500,2000,CO2,1.5351678309561903e-18,0.0,-3.8972465439670006e-17,1.2990821813223302e-17,-8.573239842428651e-17,2.85774661414288e-17
5000,4500,2500,CO2,1.53512948344534e-18,0.0,-2.8272829448965605e-17,9.424276482988552e-18,-6.17311749817148e-17,2.0577058327238304e-17
5000,4500,3000,CO2,1.5350753055736102e-18,0.0,-1.9254769767720605e-17,6.418256589240191e-18,-4.1716465253597505e-17,1.39054884178658e-17
5000,4500,3500,CO2,1.5349990262050402e-18,0.0,-1.1805874667234602e-17,3.93529155574488e-18,-2.5374491210337003e-17,8.458163736779001e-18
5000,4500,4000,CO2,1.5348919657642503e-18,0.0,-5.679569897466521e-18,1.8931899658221702e-18,-1.2098718467432401e-17,4.0329061558108106e-18
5000,4500,4500,CO2,1.53474366512763e-18,0.0,-6.30238297662406e-19,2.1007943255413503e-19,-1.2982435799261103e-18,4.3274785997536906e-19
5000,4500,5000,CO2,1.5345430796786702e-18,0.0,3.5513139034284906e-18,-1.18377130114283e-18,7.52437808940492e-18,-2.5081260298016406e-18
5000,5000,1000,CO2,-0.0,0.0,-5.844063650056641e-17,1.94802121668555e-17,-1.3413484914191503e-16,4.4711616380638505e-17
5000,5000,1500,CO2,-0.0,0.0,-4.862607295649761e-17,1.62086909854992e-17,-1.1096121021505501e-16,3.698707007168491e-17
5000,5000,2000,CO2,-0.0,0.0,-3.79809892451503e-17,1.2660329748383401e-17,-8.602899257521111e-17,2.86763308584037e-17
5000,5000,2500,CO2,-0.0,0.0,-2.8433417714170905e-17,9.477805904723632e-18,-6.389058885371361e-17,2.12968629512379e-17
5000,5000,3000,CO2,-0.0,0.0,-2.0384470543695903e-17,6.794823514565311e-18,-4.543511014694081e-17,1.5145036715646902e-17
5000,5000,3500,CO2,-0.0,0.0,-1.3733153818554101e-17,4.57771793951804e-18,-3.0366352814500907e-17,1.0122117604833602e-17
5000,5000,4000,CO2,-0.0,0.0,-8.259252251111221e-18,2.7530840837037405e-18,-1.8120915727092703e-17,6.040305242364221e-18
5000,5000,4500,CO2,-0.0,0.0,-3.7436834555836604e-18,1.24789448519455e-18,-8.15192404989274e-18,2.71730801663092e-18
5000,5000,5000,CO2,-0.0,0.0,-0.0,-0.0,-0.0,-0.0
